GISJOIN,YEAR,REGIONA,DIVISIONA,STATE,STATEA,COUNTY,COUNTYA,COUSUB,COUSUBA,PLACEA,TRACTA,BLKGRPA,CONCITA,AIANHHA,RES_ONLYA,TRUSTA,AITSCEA,ANRCA,CBSAA,CSAA,METDIVA,NECTAA,CNECTAA,NECTADIVA,UAA,CDCURRA,SLDUA,SLDLA,SUBMCDA,SDELMA,SDSECA,SDUNIA,PUMA5A,BTTRA,BTBGA,NAME_E,JMAE001,NAME_M,JMAM001
G250001000000,2006-2010,,,Massachusetts,25,Barnstable County,1,County subdivisions not defined,0,,,,,,,,,,,,,,,,,,,,,,,,,,,"County subdivisions not defined, Barnstable County, Massachusetts",0,"County subdivisions not defined, Barnstable County, Massachusetts",127
G250001003690,2006-2010,,,Massachusetts,25,Barnstable County,1,Barnstable Town City,3690,,,,,,,,,,,,,,,,,,,,,,,,,,,"Barnstable Town City, Barnstable County, Massachusetts",45775,"Barnstable Town City, Barnstable County, Massachusetts",27
G250001007175,2006-2010,,,Massachusetts,25,Barnstable County,1,Bourne Town,7175,,,,,,,,,,,,,,,,,,,,,,,,,,,"Bourne Town, Barnstable County, Massachusetts",19577,"Bourne Town, Barnstable County, Massachusetts",23
G250001007980,2006-2010,,,Massachusetts,25,Barnstable County,1,Brewster Town,7980,,,,,,,,,,,,,,,,,,,,,,,,,,,"Brewster Town, Barnstable County, Massachusetts",9891,"Brewster Town, Barnstable County, Massachusetts",34
G250001012995,2006-2010,,,Massachusetts,25,Barnstable County,1,Chatham Town,12995,,,,,,,,,,,,,,,,,,,,,,,,,,,"Chatham Town, Barnstable County, Massachusetts",6221,"Chatham Town, Barnstable County, Massachusetts",35
G250001016775,2006-2010,,,Massachusetts,25,Barnstable County,1,Dennis Town,16775,,,,,,,,,,,,,,,,,,,,,,,,,,,"Dennis Town, Barnstable County, Massachusetts",14557,"Dennis Town, Barnstable County, Massachusetts",27
G250001019295,2006-2010,,,Massachusetts,25,Barnstable County,1,Eastham Town,19295,,,,,,,,,,,,,,,,,,,,,,,,,,,"Eastham Town, Barnstable County, Massachusetts",5060,"Eastham Town, Barnstable County, Massachusetts",17
G250001023105,2006-2010,,,Massachusetts,25,Barnstable County,1,Falmouth Town,23105,,,,,,,,,,,,,,,,,,,,,,,,,,,"Falmouth Town, Barnstable County, Massachusetts",31796,"Falmouth Town, Barnstable County, Massachusetts",27
G250001029020,2006-2010,,,Massachusetts,25,Barnstable County,1,Harwich Town,29020,,,,,,,,,,,,,,,,,,,,,,,,,,,"Harwich Town, Barnstable County, Massachusetts",12291,"Harwich Town, Barnstable County, Massachusetts",19
G250001039100,2006-2010,,,Massachusetts,25,Barnstable County,1,Mashpee Town,39100,,,,,,,,,,,,,,,,,,,,,,,,,,,"Mashpee Town, Barnstable County, Massachusetts",13850,"Mashpee Town, Barnstable County, Massachusetts",22
G250001051440,2006-2010,,,Massachusetts,25,Barnstable County,1,Orleans Town,51440,,,,,,,,,,,,,,,,,,,,,,,,,,,"Orleans Town, Barnstable County, Massachusetts",5981,"Orleans Town, Barnstable County, Massachusetts",23
G250001055500,2006-2010,,,Massachusetts,25,Barnstable County,1,ProvinceTown Town,55500,,,,,,,,,,,,,,,,,,,,,,,,,,,"ProvinceTown Town, Barnstable County, Massachusetts",3039,"ProvinceTown Town, Barnstable County, Massachusetts",19
G250001059735,2006-2010,,,Massachusetts,25,Barnstable County,1,Sandwich Town,59735,,,,,,,,,,,,,,,,,,,,,,,,,,,"Sandwich Town, Barnstable County, Massachusetts",20628,"Sandwich Town, Barnstable County, Massachusetts",24
G250001070605,2006-2010,,,Massachusetts,25,Barnstable County,1,Truro Town,70605,,,,,,,,,,,,,,,,,,,,,,,,,,,"Truro Town, Barnstable County, Massachusetts",1831,"Truro Town, Barnstable County, Massachusetts",251
G250001074385,2006-2010,,,Massachusetts,25,Barnstable County,1,Wellfleet Town,74385,,,,,,,,,,,,,,,,,,,,,,,,,,,"Wellfleet Town, Barnstable County, Massachusetts",2946,"Wellfleet Town, Barnstable County, Massachusetts",251
G250001082525,2006-2010,,,Massachusetts,25,Barnstable County,1,Yarmouth Town,82525,,,,,,,,,,,,,,,,,,,,,,,,,,,"Yarmouth Town, Barnstable County, Massachusetts",24040,"Yarmouth Town, Barnstable County, Massachusetts",30
G250003000555,2006-2010,,,Massachusetts,25,Berkshire County,3,Adams Town,555,,,,,,,,,,,,,,,,,,,,,,,,,,,"Adams Town, Berkshire County, Massachusetts",8517,"Adams Town, Berkshire County, Massachusetts",19
G250003000975,2006-2010,,,Massachusetts,25,Berkshire County,3,Alford Town,975,,,,,,,,,,,,,,,,,,,,,,,,,,,"Alford Town, Berkshire County, Massachusetts",432,"Alford Town, Berkshire County, Massachusetts",60
G250003004545,2006-2010,,,Massachusetts,25,Berkshire County,3,Becket Town,4545,,,,,,,,,,,,,,,,,,,,,,,,,,,"Becket Town, Berkshire County, Massachusetts",1602,"Becket Town, Berkshire County, Massachusetts",205
G250003013345,2006-2010,,,Massachusetts,25,Berkshire County,3,Cheshire Town,13345,,,,,,,,,,,,,,,,,,,,,,,,,,,"Cheshire Town, Berkshire County, Massachusetts",3255,"Cheshire Town, Berkshire County, Massachusetts",15
G250003014010,2006-2010,,,Massachusetts,25,Berkshire County,3,Clarksburg Town,14010,,,,,,,,,,,,,,,,,,,,,,,,,,,"Clarksburg Town, Berkshire County, Massachusetts",1886,"Clarksburg Town, Berkshire County, Massachusetts",140
G250003016180,2006-2010,,,Massachusetts,25,Berkshire County,3,Dalton Town,16180,,,,,,,,,,,,,,,,,,,,,,,,,,,"Dalton Town, Berkshire County, Massachusetts",6761,"Dalton Town, Berkshire County, Massachusetts",20
G250003021360,2006-2010,,,Massachusetts,25,Berkshire County,3,Egremont Town,21360,,,,,,,,,,,,,,,,,,,,,,,,,,,"Egremont Town, Berkshire County, Massachusetts",1210,"Egremont Town, Berkshire County, Massachusetts",125
G250003024120,2006-2010,,,Massachusetts,25,Berkshire County,3,Florida Town,24120,,,,,,,,,,,,,,,,,,,,,,,,,,,"Florida Town, Berkshire County, Massachusetts",766,"Florida Town, Berkshire County, Massachusetts",108
G250003026815,2006-2010,,,Massachusetts,25,Berkshire County,3,Great Barrington Town,26815,,,,,,,,,,,,,,,,,,,,,,,,,,,"Great Barrington Town, Berkshire County, Massachusetts",7160,"Great Barrington Town, Berkshire County, Massachusetts",29
G250003028180,2006-2010,,,Massachusetts,25,Berkshire County,3,Hancock Town,28180,,,,,,,,,,,,,,,,,,,,,,,,,,,"Hancock Town, Berkshire County, Massachusetts",718,"Hancock Town, Berkshire County, Massachusetts",127
G250003030315,2006-2010,,,Massachusetts,25,Berkshire County,3,Hinsdale Town,30315,,,,,,,,,,,,,,,,,,,,,,,,,,,"Hinsdale Town, Berkshire County, Massachusetts",2228,"Hinsdale Town, Berkshire County, Massachusetts",188
G250003034340,2006-2010,,,Massachusetts,25,Berkshire County,3,Lanesborough Town,34340,,,,,,,,,,,,,,,,,,,,,,,,,,,"Lanesborough Town, Berkshire County, Massachusetts",3072,"Lanesborough Town, Berkshire County, Massachusetts",20
G250003034655,2006-2010,,,Massachusetts,25,Berkshire County,3,Lee Town,34655,,,,,,,,,,,,,,,,,,,,,,,,,,,"Lee Town, Berkshire County, Massachusetts",5934,"Lee Town, Berkshire County, Massachusetts",17
G250003034970,2006-2010,,,Massachusetts,25,Berkshire County,3,Lenox Town,34970,,,,,,,,,,,,,,,,,,,,,,,,,,,"Lenox Town, Berkshire County, Massachusetts",5022,"Lenox Town, Berkshire County, Massachusetts",15
G250003042460,2006-2010,,,Massachusetts,25,Berkshire County,3,Monterey Town,42460,,,,,,,,,,,,,,,,,,,,,,,,,,,"Monterey Town, Berkshire County, Massachusetts",773,"Monterey Town, Berkshire County, Massachusetts",240
G250003043300,2006-2010,,,Massachusetts,25,Berkshire County,3,Mount Washington Town,43300,,,,,,,,,,,,,,,,,,,,,,,,,,,"Mount Washington Town, Berkshire County, Massachusetts",133,"Mount Washington Town, Berkshire County, Massachusetts",38
G250003044385,2006-2010,,,Massachusetts,25,Berkshire County,3,New Ashford Town,44385,,,,,,,,,,,,,,,,,,,,,,,,,,,"New Ashford Town, Berkshire County, Massachusetts",234,"New Ashford Town, Berkshire County, Massachusetts",54
G250003045420,2006-2010,,,Massachusetts,25,Berkshire County,3,New Marlborough Town,45420,,,,,,,,,,,,,,,,,,,,,,,,,,,"New Marlborough Town, Berkshire County, Massachusetts",1598,"New Marlborough Town, Berkshire County, Massachusetts",206
G250003046225,2006-2010,,,Massachusetts,25,Berkshire County,3,North Adams City,46225,,,,,,,,,,,,,,,,,,,,,,,,,,,"North Adams City, Berkshire County, Massachusetts",13851,"North Adams City, Berkshire County, Massachusetts",26
G250003051580,2006-2010,,,Massachusetts,25,Berkshire County,3,Otis Town,51580,,,,,,,,,,,,,,,,,,,,,,,,,,,"Otis Town, Berkshire County, Massachusetts",1177,"Otis Town, Berkshire County, Massachusetts",157
G250003053050,2006-2010,,,Massachusetts,25,Berkshire County,3,Peru Town,53050,,,,,,,,,,,,,,,,,,,,,,,,,,,"Peru Town, Berkshire County, Massachusetts",816,"Peru Town, Berkshire County, Massachusetts",128
G250003053960,2006-2010,,,Massachusetts,25,Berkshire County,3,Pittsfield City,53960,,,,,,,,,,,,,,,,,,,,,,,,,,,"Pittsfield City, Berkshire County, Massachusetts",44788,"Pittsfield City, Berkshire County, Massachusetts",34
G250003056795,2006-2010,,,Massachusetts,25,Berkshire County,3,Richmond Town,56795,,,,,,,,,,,,,,,,,,,,,,,,,,,"Richmond Town, Berkshire County, Massachusetts",1710,"Richmond Town, Berkshire County, Massachusetts",149
G250003059665,2006-2010,,,Massachusetts,25,Berkshire County,3,Sandisfield Town,59665,,,,,,,,,,,,,,,,,,,,,,,,,,,"Sandisfield Town, Berkshire County, Massachusetts",831,"Sandisfield Town, Berkshire County, Massachusetts",114
G250003060225,2006-2010,,,Massachusetts,25,Berkshire County,3,Savoy Town,60225,,,,,,,,,,,,,,,,,,,,,,,,,,,"Savoy Town, Berkshire County, Massachusetts",747,"Savoy Town, Berkshire County, Massachusetts",109
G250003061065,2006-2010,,,Massachusetts,25,Berkshire County,3,Sheffield Town,61065,,,,,,,,,,,,,,,,,,,,,,,,,,,"Sheffield Town, Berkshire County, Massachusetts",3261,"Sheffield Town, Berkshire County, Massachusetts",16
G250003067595,2006-2010,,,Massachusetts,25,Berkshire County,3,Stockbridge Town,67595,,,,,,,,,,,,,,,,,,,,,,,,,,,"Stockbridge Town, Berkshire County, Massachusetts",1671,"Stockbridge Town, Berkshire County, Massachusetts",302
G250003071095,2006-2010,,,Massachusetts,25,Berkshire County,3,Tyringham Town,71095,,,,,,,,,,,,,,,,,,,,,,,,,,,"Tyringham Town, Berkshire County, Massachusetts",408,"Tyringham Town, Berkshire County, Massachusetts",81
G250003073335,2006-2010,,,Massachusetts,25,Berkshire County,3,Washington Town,73335,,,,,,,,,,,,,,,,,,,,,,,,,,,"Washington Town, Berkshire County, Massachusetts",593,"Washington Town, Berkshire County, Massachusetts",105
G250003077990,2006-2010,,,Massachusetts,25,Berkshire County,3,West Stockbridge Town,77990,,,,,,,,,,,,,,,,,,,,,,,,,,,"West Stockbridge Town, Berkshire County, Massachusetts",1525,"West Stockbridge Town, Berkshire County, Massachusetts",164
G250003079985,2006-2010,,,Massachusetts,25,Berkshire County,3,WilliamsTown Town,79985,,,,,,,,,,,,,,,,,,,,,,,,,,,"WilliamsTown Town, Berkshire County, Massachusetts",7879,"WilliamsTown Town, Berkshire County, Massachusetts",26
G250003080685,2006-2010,,,Massachusetts,25,Berkshire County,3,Windsor Town,80685,,,,,,,,,,,,,,,,,,,,,,,,,,,"Windsor Town, Berkshire County, Massachusetts",970,"Windsor Town, Berkshire County, Massachusetts",133
G250005000000,2006-2010,,,Massachusetts,25,Bristol County,5,County subdivisions not defined,0,,,,,,,,,,,,,,,,,,,,,,,,,,,"County subdivisions not defined, Bristol County, Massachusetts",0,"County subdivisions not defined, Bristol County, Massachusetts",127
G250005000520,2006-2010,,,Massachusetts,25,Bristol County,5,Acushnet Town,520,,,,,,,,,,,,,,,,,,,,,,,,,,,"Acushnet Town, Bristol County, Massachusetts",10288,"Acushnet Town, Bristol County, Massachusetts",28
G250005002690,2006-2010,,,Massachusetts,25,Bristol County,5,Attleboro City,2690,,,,,,,,,,,,,,,,,,,,,,,,,,,"Attleboro City, Bristol County, Massachusetts",43355,"Attleboro City, Bristol County, Massachusetts",36
G250005005280,2006-2010,,,Massachusetts,25,Bristol County,5,Berkley Town,5280,,,,,,,,,,,,,,,,,,,,,,,,,,,"Berkley Town, Bristol County, Massachusetts",6306,"Berkley Town, Bristol County, Massachusetts",43
G250005016425,2006-2010,,,Massachusetts,25,Bristol County,5,Dartmouth Town,16425,,,,,,,,,,,,,,,,,,,,,,,,,,,"Dartmouth Town, Bristol County, Massachusetts",33517,"Dartmouth Town, Bristol County, Massachusetts",26
G250005016950,2006-2010,,,Massachusetts,25,Bristol County,5,Dighton Town,16950,,,,,,,,,,,,,,,,,,,,,,,,,,,"Dighton Town, Bristol County, Massachusetts",6923,"Dighton Town, Bristol County, Massachusetts",15
G250005020100,2006-2010,,,Massachusetts,25,Bristol County,5,Easton Town,20100,,,,,,,,,,,,,,,,,,,,,,,,,,,"Easton Town, Bristol County, Massachusetts",23016,"Easton Town, Bristol County, Massachusetts",24
G250005022130,2006-2010,,,Massachusetts,25,Bristol County,5,Fairhaven Town,22130,,,,,,,,,,,,,,,,,,,,,,,,,,,"Fairhaven Town, Bristol County, Massachusetts",15934,"Fairhaven Town, Bristol County, Massachusetts",23
G250005023000,2006-2010,,,Massachusetts,25,Bristol County,5,Fall River City,23000,,,,,,,,,,,,,,,,,,,,,,,,,,,"Fall River City, Bristol County, Massachusetts",89482,"Fall River City, Bristol County, Massachusetts",48
G250005025240,2006-2010,,,Massachusetts,25,Bristol County,5,FreeTown Town,25240,,,,,,,,,,,,,,,,,,,,,,,,,,,"FreeTown Town, Bristol County, Massachusetts",8796,"FreeTown Town, Bristol County, Massachusetts",44
G250005038225,2006-2010,,,Massachusetts,25,Bristol County,5,Mansfield Town,38225,,,,,,,,,,,,,,,,,,,,,,,,,,,"Mansfield Town, Bristol County, Massachusetts",23051,"Mansfield Town, Bristol County, Massachusetts",53
G250005045000,2006-2010,,,Massachusetts,25,Bristol County,5,New Bedford City,45000,,,,,,,,,,,,,,,,,,,,,,,,,,,"New Bedford City, Bristol County, Massachusetts",94945,"New Bedford City, Bristol County, Massachusetts",42
G250005046575,2006-2010,,,Massachusetts,25,Bristol County,5,North Attleborough Town,46575,,,,,,,,,,,,,,,,,,,,,,,,,,,"North Attleborough Town, Bristol County, Massachusetts",28483,"North Attleborough Town, Bristol County, Massachusetts",37
G250005049970,2006-2010,,,Massachusetts,25,Bristol County,5,Norton Town,49970,,,,,,,,,,,,,,,,,,,,,,,,,,,"Norton Town, Bristol County, Massachusetts",18880,"Norton Town, Bristol County, Massachusetts",55
G250005056060,2006-2010,,,Massachusetts,25,Bristol County,5,Raynham Town,56060,,,,,,,,,,,,,,,,,,,,,,,,,,,"Raynham Town, Bristol County, Massachusetts",13085,"Raynham Town, Bristol County, Massachusetts",25
G250005056375,2006-2010,,,Massachusetts,25,Bristol County,5,Rehoboth Town,56375,,,,,,,,,,,,,,,,,,,,,,,,,,,"Rehoboth Town, Bristol County, Massachusetts",11349,"Rehoboth Town, Bristol County, Massachusetts",21
G250005060645,2006-2010,,,Massachusetts,25,Bristol County,5,Seekonk Town,60645,,,,,,,,,,,,,,,,,,,,,,,,,,,"Seekonk Town, Bristol County, Massachusetts",13686,"Seekonk Town, Bristol County, Massachusetts",24
G250005062430,2006-2010,,,Massachusetts,25,Bristol County,5,Somerset Town,62430,,,,,,,,,,,,,,,,,,,,,,,,,,,"Somerset Town, Bristol County, Massachusetts",18185,"Somerset Town, Bristol County, Massachusetts",23
G250005068750,2006-2010,,,Massachusetts,25,Bristol County,5,Swansea Town,68750,,,,,,,,,,,,,,,,,,,,,,,,,,,"Swansea Town, Bristol County, Massachusetts",15900,"Swansea Town, Bristol County, Massachusetts",20
G250005069170,2006-2010,,,Massachusetts,25,Bristol County,5,Taunton City,69170,,,,,,,,,,,,,,,,,,,,,,,,,,,"Taunton City, Bristol County, Massachusetts",55954,"Taunton City, Bristol County, Massachusetts",28
G250005077570,2006-2010,,,Massachusetts,25,Bristol County,5,Westport Town,77570,,,,,,,,,,,,,,,,,,,,,,,,,,,"Westport Town, Bristol County, Massachusetts",15298,"Westport Town, Bristol County, Massachusetts",19
G250007001585,2006-2010,,,Massachusetts,25,Dukes County,7,Aquinnah Town,1585,,,,,,,,,,,,,,,,,,,,,,,,,,,"Aquinnah Town, Dukes County, Massachusetts",404,"Aquinnah Town, Dukes County, Massachusetts",144
G250007013800,2006-2010,,,Massachusetts,25,Dukes County,7,Chilmark Town,13800,,,,,,,,,,,,,,,,,,,,,,,,,,,"Chilmark Town, Dukes County, Massachusetts",1014,"Chilmark Town, Dukes County, Massachusetts",234
G250007021150,2006-2010,,,Massachusetts,25,Dukes County,7,EdgarTown Town,21150,,,,,,,,,,,,,,,,,,,,,,,,,,,"EdgarTown Town, Dukes County, Massachusetts",3984,"EdgarTown Town, Dukes County, Massachusetts",20
G250007026325,2006-2010,,,Massachusetts,25,Dukes County,7,Gosnold Town,26325,,,,,,,,,,,,,,,,,,,,,,,,,,,"Gosnold Town, Dukes County, Massachusetts",198,"Gosnold Town, Dukes County, Massachusetts",77
G250007050390,2006-2010,,,Massachusetts,25,Dukes County,7,Oak Bluffs Town,50390,,,,,,,,,,,,,,,,,,,,,,,,,,,"Oak Bluffs Town, Dukes County, Massachusetts",4364,"Oak Bluffs Town, Dukes County, Massachusetts",17
G250007069940,2006-2010,,,Massachusetts,25,Dukes County,7,Tisbury Town,69940,,,,,,,,,,,,,,,,,,,,,,,,,,,"Tisbury Town, Dukes County, Massachusetts",3886,"Tisbury Town, Dukes County, Massachusetts",26
G250007078235,2006-2010,,,Massachusetts,25,Dukes County,7,West Tisbury Town,78235,,,,,,,,,,,,,,,,,,,,,,,,,,,"West Tisbury Town, Dukes County, Massachusetts",2305,"West Tisbury Town, Dukes County, Massachusetts",282
G250009000000,2006-2010,,,Massachusetts,25,Essex County,9,County subdivisions not defined,0,,,,,,,,,,,,,,,,,,,,,,,,,,,"County subdivisions not defined, Essex County, Massachusetts",0,"County subdivisions not defined, Essex County, Massachusetts",127
G250009001260,2006-2010,,,Massachusetts,25,Essex County,9,Amesbury Town City,1260,,,,,,,,,,,,,,,,,,,,,,,,,,,"Amesbury Town City, Essex County, Massachusetts",16225,"Amesbury Town City, Essex County, Massachusetts",18
G250009001465,2006-2010,,,Massachusetts,25,Essex County,9,Andover Town,1465,,,,,,,,,,,,,,,,,,,,,,,,,,,"Andover Town, Essex County, Massachusetts",32698,"Andover Town, Essex County, Massachusetts",40
G250009005595,2006-2010,,,Massachusetts,25,Essex County,9,Beverly City,5595,,,,,,,,,,,,,,,,,,,,,,,,,,,"Beverly City, Essex County, Massachusetts",39351,"Beverly City, Essex County, Massachusetts",29
G250009007420,2006-2010,,,Massachusetts,25,Essex County,9,Boxford Town,7420,,,,,,,,,,,,,,,,,,,,,,,,,,,"Boxford Town, Essex County, Massachusetts",7917,"Boxford Town, Essex County, Massachusetts",32
G250009016250,2006-2010,,,Massachusetts,25,Essex County,9,Danvers Town,16250,,,,,,,,,,,,,,,,,,,,,,,,,,,"Danvers Town, Essex County, Massachusetts",26113,"Danvers Town, Essex County, Massachusetts",22
G250009021850,2006-2010,,,Massachusetts,25,Essex County,9,Essex Town,21850,,,,,,,,,,,,,,,,,,,,,,,,,,,"Essex Town, Essex County, Massachusetts",3445,"Essex Town, Essex County, Massachusetts",14
G250009025625,2006-2010,,,Massachusetts,25,Essex County,9,GeorgeTown Town,25625,,,,,,,,,,,,,,,,,,,,,,,,,,,"GeorgeTown Town, Essex County, Massachusetts",7995,"GeorgeTown Town, Essex County, Massachusetts",18
G250009026150,2006-2010,,,Massachusetts,25,Essex County,9,Gloucester City,26150,,,,,,,,,,,,,,,,,,,,,,,,,,,"Gloucester City, Essex County, Massachusetts",28893,"Gloucester City, Essex County, Massachusetts",26
G250009027620,2006-2010,,,Massachusetts,25,Essex County,9,Groveland Town,27620,,,,,,,,,,,,,,,,,,,,,,,,,,,"Groveland Town, Essex County, Massachusetts",6350,"Groveland Town, Essex County, Massachusetts",17
G250009027900,2006-2010,,,Massachusetts,25,Essex County,9,Hamilton Town,27900,,,,,,,,,,,,,,,,,,,,,,,,,,,"Hamilton Town, Essex County, Massachusetts",7825,"Hamilton Town, Essex County, Massachusetts",28
G250009029405,2006-2010,,,Massachusetts,25,Essex County,9,Haverhill City,29405,,,,,,,,,,,,,,,,,,,,,,,,,,,"Haverhill City, Essex County, Massachusetts",60203,"Haverhill City, Essex County, Massachusetts",43
G250009032310,2006-2010,,,Massachusetts,25,Essex County,9,Ipswich Town,32310,,,,,,,,,,,,,,,,,,,,,,,,,,,"Ipswich Town, Essex County, Massachusetts",13074,"Ipswich Town, Essex County, Massachusetts",24
G250009034550,2006-2010,,,Massachusetts,25,Essex County,9,Lawrence City,34550,,,,,,,,,,,,,,,,,,,,,,,,,,,"Lawrence City, Essex County, Massachusetts",75177,"Lawrence City, Essex County, Massachusetts",61
G250009037490,2006-2010,,,Massachusetts,25,Essex County,9,Lynn City,37490,,,,,,,,,,,,,,,,,,,,,,,,,,,"Lynn City, Essex County, Massachusetts",89625,"Lynn City, Essex County, Massachusetts",72
G250009037560,2006-2010,,,Massachusetts,25,Essex County,9,Lynnfield Town,37560,,,,,,,,,,,,,,,,,,,,,,,,,,,"Lynnfield Town, Essex County, Massachusetts",11487,"Lynnfield Town, Essex County, Massachusetts",25
G250009037995,2006-2010,,,Massachusetts,25,Essex County,9,Manchester-by-the-Sea Town,37995,,,,,,,,,,,,,,,,,,,,,,,,,,,"Manchester-by-the-Sea Town, Essex County, Massachusetts",5129,"Manchester-by-the-Sea Town, Essex County, Massachusetts",31
G250009038400,2006-2010,,,Massachusetts,25,Essex County,9,Marblehead Town,38400,,,,,,,,,,,,,,,,,,,,,,,,,,,"Marblehead Town, Essex County, Massachusetts",19797,"Marblehead Town, Essex County, Massachusetts",22
G250009040430,2006-2010,,,Massachusetts,25,Essex County,9,Merrimac Town,40430,,,,,,,,,,,,,,,,,,,,,,,,,,,"Merrimac Town, Essex County, Massachusetts",6264,"Merrimac Town, Essex County, Massachusetts",18
G250009040710,2006-2010,,,Massachusetts,25,Essex County,9,Methuen Town City,40710,,,,,,,,,,,,,,,,,,,,,,,,,,,"Methuen Town City, Essex County, Massachusetts",46393,"Methuen Town City, Essex County, Massachusetts",49
G250009041095,2006-2010,,,Massachusetts,25,Essex County,9,Middleton Town,41095,,,,,,,,,,,,,,,,,,,,,,,,,,,"Middleton Town, Essex County, Massachusetts",8717,"Middleton Town, Essex County, Massachusetts",25
G250009043580,2006-2010,,,Massachusetts,25,Essex County,9,Nahant Town,43580,,,,,,,,,,,,,,,,,,,,,,,,,,,"Nahant Town, Essex County, Massachusetts",3431,"Nahant Town, Essex County, Massachusetts",15
G250009045175,2006-2010,,,Massachusetts,25,Essex County,9,Newbury Town,45175,,,,,,,,,,,,,,,,,,,,,,,,,,,"Newbury Town, Essex County, Massachusetts",6643,"Newbury Town, Essex County, Massachusetts",28
G250009045245,2006-2010,,,Massachusetts,25,Essex County,9,Newburyport City,45245,,,,,,,,,,,,,,,,,,,,,,,,,,,"Newburyport City, Essex County, Massachusetts",17288,"Newburyport City, Essex County, Massachusetts",24
G250009046365,2006-2010,,,Massachusetts,25,Essex County,9,North Andover Town,46365,,,,,,,,,,,,,,,,,,,,,,,,,,,"North Andover Town, Essex County, Massachusetts",27965,"North Andover Town, Essex County, Massachusetts",24
G250009052490,2006-2010,,,Massachusetts,25,Essex County,9,Peabody City,52490,,,,,,,,,,,,,,,,,,,,,,,,,,,"Peabody City, Essex County, Massachusetts",50455,"Peabody City, Essex County, Massachusetts",30
G250009057880,2006-2010,,,Massachusetts,25,Essex County,9,Rockport Town,57880,,,,,,,,,,,,,,,,,,,,,,,,,,,"Rockport Town, Essex County, Massachusetts",7053,"Rockport Town, Essex County, Massachusetts",28
G250009058405,2006-2010,,,Massachusetts,25,Essex County,9,Rowley Town,58405,,,,,,,,,,,,,,,,,,,,,,,,,,,"Rowley Town, Essex County, Massachusetts",5757,"Rowley Town, Essex County, Massachusetts",19
G250009059105,2006-2010,,,Massachusetts,25,Essex County,9,Salem City,59105,,,,,,,,,,,,,,,,,,,,,,,,,,,"Salem City, Essex County, Massachusetts",40964,"Salem City, Essex County, Massachusetts",38
G250009059245,2006-2010,,,Massachusetts,25,Essex County,9,Salisbury Town,59245,,,,,,,,,,,,,,,,,,,,,,,,,,,"Salisbury Town, Essex County, Massachusetts",8157,"Salisbury Town, Essex County, Massachusetts",18
G250009060015,2006-2010,,,Massachusetts,25,Essex County,9,Saugus Town,60015,,,,,,,,,,,,,,,,,,,,,,,,,,,"Saugus Town, Essex County, Massachusetts",26392,"Saugus Town, Essex County, Massachusetts",26
G250009068645,2006-2010,,,Massachusetts,25,Essex County,9,Swampscott Town,68645,,,,,,,,,,,,,,,,,,,,,,,,,,,"Swampscott Town, Essex County, Massachusetts",13819,"Swampscott Town, Essex County, Massachusetts",22
G250009070150,2006-2010,,,Massachusetts,25,Essex County,9,Topsfield Town,70150,,,,,,,,,,,,,,,,,,,,,,,,,,,"Topsfield Town, Essex County, Massachusetts",6057,"Topsfield Town, Essex County, Massachusetts",23
G250009074595,2006-2010,,,Massachusetts,25,Essex County,9,Wenham Town,74595,,,,,,,,,,,,,,,,,,,,,,,,,,,"Wenham Town, Essex County, Massachusetts",4794,"Wenham Town, Essex County, Massachusetts",28
G250009077150,2006-2010,,,Massachusetts,25,Essex County,9,West Newbury Town,77150,,,,,,,,,,,,,,,,,,,,,,,,,,,"West Newbury Town, Essex County, Massachusetts",4189,"West Newbury Town, Essex County, Massachusetts",21
G250011002095,2006-2010,,,Massachusetts,25,Franklin County,11,Ashfield Town,2095,,,,,,,,,,,,,,,,,,,,,,,,,,,"Ashfield Town, Franklin County, Massachusetts",1732,"Ashfield Town, Franklin County, Massachusetts",150
G250011005560,2006-2010,,,Massachusetts,25,Franklin County,11,Bernardston Town,5560,,,,,,,,,,,,,,,,,,,,,,,,,,,"Bernardston Town, Franklin County, Massachusetts",2241,"Bernardston Town, Franklin County, Massachusetts",180
G250011009595,2006-2010,,,Massachusetts,25,Franklin County,11,Buckland Town,9595,,,,,,,,,,,,,,,,,,,,,,,,,,,"Buckland Town, Franklin County, Massachusetts",2068,"Buckland Town, Franklin County, Massachusetts",258
G250011012505,2006-2010,,,Massachusetts,25,Franklin County,11,Charlemont Town,12505,,,,,,,,,,,,,,,,,,,,,,,,,,,"Charlemont Town, Franklin County, Massachusetts",1199,"Charlemont Town, Franklin County, Massachusetts",127
G250011014885,2006-2010,,,Massachusetts,25,Franklin County,11,Colrain Town,14885,,,,,,,,,,,,,,,,,,,,,,,,,,,"Colrain Town, Franklin County, Massachusetts",1811,"Colrain Town, Franklin County, Massachusetts",163
G250011015200,2006-2010,,,Massachusetts,25,Franklin County,11,Conway Town,15200,,,,,,,,,,,,,,,,,,,,,,,,,,,"Conway Town, Franklin County, Massachusetts",1917,"Conway Town, Franklin County, Massachusetts",148
G250011016670,2006-2010,,,Massachusetts,25,Franklin County,11,Deerfield Town,16670,,,,,,,,,,,,,,,,,,,,,,,,,,,"Deerfield Town, Franklin County, Massachusetts",5070,"Deerfield Town, Franklin County, Massachusetts",18
G250011021780,2006-2010,,,Massachusetts,25,Franklin County,11,Erving Town,21780,,,,,,,,,,,,,,,,,,,,,,,,,,,"Erving Town, Franklin County, Massachusetts",1822,"Erving Town, Franklin County, Massachusetts",180
G250011025730,2006-2010,,,Massachusetts,25,Franklin County,11,Gill Town,25730,,,,,,,,,,,,,,,,,,,,,,,,,,,"Gill Town, Franklin County, Massachusetts",1413,"Gill Town, Franklin County, Massachusetts",122
G250011027100,2006-2010,,,Massachusetts,25,Franklin County,11,Greenfield Town City,27100,,,,,,,,,,,,,,,,,,,,,,,,,,,"Greenfield Town City, Franklin County, Massachusetts",17610,"Greenfield Town City, Franklin County, Massachusetts",25
G250011029475,2006-2010,,,Massachusetts,25,Franklin County,11,Hawley Town,29475,,,,,,,,,,,,,,,,,,,,,,,,,,,"Hawley Town, Franklin County, Massachusetts",354,"Hawley Town, Franklin County, Massachusetts",84
G250011029650,2006-2010,,,Massachusetts,25,Franklin County,11,Heath Town,29650,,,,,,,,,,,,,,,,,,,,,,,,,,,"Heath Town, Franklin County, Massachusetts",438,"Heath Town, Franklin County, Massachusetts",91
G250011035180,2006-2010,,,Massachusetts,25,Franklin County,11,Leverett Town,35180,,,,,,,,,,,,,,,,,,,,,,,,,,,"Leverett Town, Franklin County, Massachusetts",1803,"Leverett Town, Franklin County, Massachusetts",239
G250011035285,2006-2010,,,Massachusetts,25,Franklin County,11,Leyden Town,35285,,,,,,,,,,,,,,,,,,,,,,,,,,,"Leyden Town, Franklin County, Massachusetts",650,"Leyden Town, Franklin County, Massachusetts",133
G250011042040,2006-2010,,,Massachusetts,25,Franklin County,11,Monroe Town,42040,,,,,,,,,,,,,,,,,,,,,,,,,,,"Monroe Town, Franklin County, Massachusetts",110,"Monroe Town, Franklin County, Massachusetts",42
G250011042285,2006-2010,,,Massachusetts,25,Franklin County,11,Montague Town,42285,,,,,,,,,,,,,,,,,,,,,,,,,,,"Montague Town, Franklin County, Massachusetts",8454,"Montague Town, Franklin County, Massachusetts",22
G250011045490,2006-2010,,,Massachusetts,25,Franklin County,11,New Salem Town,45490,,,,,,,,,,,,,,,,,,,,,,,,,,,"New Salem Town, Franklin County, Massachusetts",931,"New Salem Town, Franklin County, Massachusetts",136
G250011047835,2006-2010,,,Massachusetts,25,Franklin County,11,Northfield Town,47835,,,,,,,,,,,,,,,,,,,,,,,,,,,"Northfield Town, Franklin County, Massachusetts",3029,"Northfield Town, Franklin County, Massachusetts",23
G250011051265,2006-2010,,,Massachusetts,25,Franklin County,11,Orange Town,51265,,,,,,,,,,,,,,,,,,,,,,,,,,,"Orange Town, Franklin County, Massachusetts",7795,"Orange Town, Franklin County, Massachusetts",18
G250011058335,2006-2010,,,Massachusetts,25,Franklin County,11,Rowe Town,58335,,,,,,,,,,,,,,,,,,,,,,,,,,,"Rowe Town, Franklin County, Massachusetts",387,"Rowe Town, Franklin County, Massachusetts",54
G250011061135,2006-2010,,,Massachusetts,25,Franklin County,11,Shelburne Town,61135,,,,,,,,,,,,,,,,,,,,,,,,,,,"Shelburne Town, Franklin County, Massachusetts",2035,"Shelburne Town, Franklin County, Massachusetts",264
G250011061905,2006-2010,,,Massachusetts,25,Franklin County,11,Shutesbury Town,61905,,,,,,,,,,,,,,,,,,,,,,,,,,,"Shutesbury Town, Franklin County, Massachusetts",1890,"Shutesbury Town, Franklin County, Massachusetts",187
G250011068400,2006-2010,,,Massachusetts,25,Franklin County,11,Sunderland Town,68400,,,,,,,,,,,,,,,,,,,,,,,,,,,"Sunderland Town, Franklin County, Massachusetts",3712,"Sunderland Town, Franklin County, Massachusetts",23
G250011073265,2006-2010,,,Massachusetts,25,Franklin County,11,Warwick Town,73265,,,,,,,,,,,,,,,,,,,,,,,,,,,"Warwick Town, Franklin County, Massachusetts",547,"Warwick Town, Franklin County, Massachusetts",103
G250011074525,2006-2010,,,Massachusetts,25,Franklin County,11,Wendell Town,74525,,,,,,,,,,,,,,,,,,,,,,,,,,,"Wendell Town, Franklin County, Massachusetts",939,"Wendell Town, Franklin County, Massachusetts",145
G250011079110,2006-2010,,,Massachusetts,25,Franklin County,11,Whately Town,79110,,,,,,,,,,,,,,,,,,,,,,,,,,,"Whately Town, Franklin County, Massachusetts",1566,"Whately Town, Franklin County, Massachusetts",207
G250013000840,2006-2010,,,Massachusetts,25,Hampden County,13,Agawam Town City,840,,,,,,,,,,,,,,,,,,,,,,,,,,,"Agawam Town City, Hampden County, Massachusetts",28383,"Agawam Town City, Hampden County, Massachusetts",23
G250013006085,2006-2010,,,Massachusetts,25,Hampden County,13,Blandford Town,6085,,,,,,,,,,,,,,,,,,,,,,,,,,,"Blandford Town, Hampden County, Massachusetts",1184,"Blandford Town, Hampden County, Massachusetts",122
G250013008470,2006-2010,,,Massachusetts,25,Hampden County,13,Brimfield Town,8470,,,,,,,,,,,,,,,,,,,,,,,,,,,"Brimfield Town, Hampden County, Massachusetts",3557,"Brimfield Town, Hampden County, Massachusetts",13
G250013013485,2006-2010,,,Massachusetts,25,Hampden County,13,Chester Town,13485,,,,,,,,,,,,,,,,,,,,,,,,,,,"Chester Town, Hampden County, Massachusetts",1275,"Chester Town, Hampden County, Massachusetts",132
G250013013660,2006-2010,,,Massachusetts,25,Hampden County,13,Chicopee City,13660,,,,,,,,,,,,,,,,,,,,,,,,,,,"Chicopee City, Hampden County, Massachusetts",55165,"Chicopee City, Hampden County, Massachusetts",32
G250013019645,2006-2010,,,Massachusetts,25,Hampden County,13,East Longmeadow Town,19645,,,,,,,,,,,,,,,,,,,,,,,,,,,"East Longmeadow Town, Hampden County, Massachusetts",15446,"East Longmeadow Town, Hampden County, Massachusetts",26
G250013026675,2006-2010,,,Massachusetts,25,Hampden County,13,Granville Town,26675,,,,,,,,,,,,,,,,,,,,,,,,,,,"Granville Town, Hampden County, Massachusetts",1525,"Granville Town, Hampden County, Massachusetts",152
G250013028075,2006-2010,,,Massachusetts,25,Hampden County,13,Hampden Town,28075,,,,,,,,,,,,,,,,,,,,,,,,,,,"Hampden Town, Hampden County, Massachusetts",5126,"Hampden Town, Hampden County, Massachusetts",19
G250013030665,2006-2010,,,Massachusetts,25,Hampden County,13,Holland Town,30665,,,,,,,,,,,,,,,,,,,,,,,,,,,"Holland Town, Hampden County, Massachusetts",2644,"Holland Town, Hampden County, Massachusetts",231
G250013030840,2006-2010,,,Massachusetts,25,Hampden County,13,Holyoke City,30840,,,,,,,,,,,,,,,,,,,,,,,,,,,"Holyoke City, Hampden County, Massachusetts",39885,"Holyoke City, Hampden County, Massachusetts",28
G250013036300,2006-2010,,,Massachusetts,25,Hampden County,13,Longmeadow Town,36300,,,,,,,,,,,,,,,,,,,,,,,,,,,"Longmeadow Town, Hampden County, Massachusetts",15759,"Longmeadow Town, Hampden County, Massachusetts",24
G250013037175,2006-2010,,,Massachusetts,25,Hampden County,13,Ludlow Town,37175,,,,,,,,,,,,,,,,,,,,,,,,,,,"Ludlow Town, Hampden County, Massachusetts",21156,"Ludlow Town, Hampden County, Massachusetts",25
G250013042145,2006-2010,,,Massachusetts,25,Hampden County,13,Monson Town,42145,,,,,,,,,,,,,,,,,,,,,,,,,,,"Monson Town, Hampden County, Massachusetts",8534,"Monson Town, Hampden County, Massachusetts",45
G250013042530,2006-2010,,,Massachusetts,25,Hampden County,13,Montgomery Town,42530,,,,,,,,,,,,,,,,,,,,,,,,,,,"Montgomery Town, Hampden County, Massachusetts",732,"Montgomery Town, Hampden County, Massachusetts",118
G250013052144,2006-2010,,,Massachusetts,25,Hampden County,13,Palmer Town City,52144,,,,,,,,,,,,,,,,,,,,,,,,,,,"Palmer Town City, Hampden County, Massachusetts",12196,"Palmer Town City, Hampden County, Massachusetts",23
G250013058650,2006-2010,,,Massachusetts,25,Hampden County,13,Russell Town,58650,,,,,,,,,,,,,,,,,,,,,,,,,,,"Russell Town, Hampden County, Massachusetts",1665,"Russell Town, Hampden County, Massachusetts",211
G250013065825,2006-2010,,,Massachusetts,25,Hampden County,13,Southwick Town,65825,,,,,,,,,,,,,,,,,,,,,,,,,,,"Southwick Town, Hampden County, Massachusetts",9378,"Southwick Town, Hampden County, Massachusetts",21
G250013067000,2006-2010,,,Massachusetts,25,Hampden County,13,Springfield City,67000,,,,,,,,,,,,,,,,,,,,,,,,,,,"Springfield City, Hampden County, Massachusetts",152906,"Springfield City, Hampden County, Massachusetts",73
G250013070045,2006-2010,,,Massachusetts,25,Hampden County,13,Tolland Town,70045,,,,,,,,,,,,,,,,,,,,,,,,,,,"Tolland Town, Hampden County, Massachusetts",494,"Tolland Town, Hampden County, Massachusetts",102
G250013072390,2006-2010,,,Massachusetts,25,Hampden County,13,Wales Town,72390,,,,,,,,,,,,,,,,,,,,,,,,,,,"Wales Town, Hampden County, Massachusetts",1910,"Wales Town, Hampden County, Massachusetts",198
G250013076030,2006-2010,,,Massachusetts,25,Hampden County,13,Westfield City,76030,,,,,,,,,,,,,,,,,,,,,,,,,,,"Westfield City, Hampden County, Massachusetts",40974,"Westfield City, Hampden County, Massachusetts",24
G250013077890,2006-2010,,,Massachusetts,25,Hampden County,13,West Springfield Town City,77890,,,,,,,,,,,,,,,,,,,,,,,,,,,"West Springfield Town City, Hampden County, Massachusetts",28287,"West Springfield Town City, Hampden County, Massachusetts",29
G250013079740,2006-2010,,,Massachusetts,25,Hampden County,13,Wilbraham Town,79740,,,,,,,,,,,,,,,,,,,,,,,,,,,"Wilbraham Town, Hampden County, Massachusetts",14089,"Wilbraham Town, Hampden County, Massachusetts",27
G250015001325,2006-2010,,,Massachusetts,25,Hampshire County,15,Amherst Town,1325,,,,,,,,,,,,,,,,,,,,,,,,,,,"Amherst Town, Hampshire County, Massachusetts",37403,"Amherst Town, Hampshire County, Massachusetts",29
G250015004825,2006-2010,,,Massachusetts,25,Hampshire County,15,BelcherTown Town,4825,,,,,,,,,,,,,,,,,,,,,,,,,,,"BelcherTown Town, Hampshire County, Massachusetts",14354,"BelcherTown Town, Hampshire County, Massachusetts",33
G250015013590,2006-2010,,,Massachusetts,25,Hampshire County,15,Chesterfield Town,13590,,,,,,,,,,,,,,,,,,,,,,,,,,,"Chesterfield Town, Hampshire County, Massachusetts",1015,"Chesterfield Town, Hampshire County, Massachusetts",98
G250015016040,2006-2010,,,Massachusetts,25,Hampshire County,15,Cummington Town,16040,,,,,,,,,,,,,,,,,,,,,,,,,,,"Cummington Town, Hampshire County, Massachusetts",1100,"Cummington Town, Hampshire County, Massachusetts",184
G250015019370,2006-2010,,,Massachusetts,25,Hampshire County,15,Easthampton Town City,19370,,,,,,,,,,,,,,,,,,,,,,,,,,,"Easthampton Town City, Hampshire County, Massachusetts",16054,"Easthampton Town City, Hampshire County, Massachusetts",35
G250015026290,2006-2010,,,Massachusetts,25,Hampshire County,15,Goshen Town,26290,,,,,,,,,,,,,,,,,,,,,,,,,,,"Goshen Town, Hampshire County, Massachusetts",1080,"Goshen Town, Hampshire County, Massachusetts",207
G250015026535,2006-2010,,,Massachusetts,25,Hampshire County,15,Granby Town,26535,,,,,,,,,,,,,,,,,,,,,,,,,,,"Granby Town, Hampshire County, Massachusetts",6229,"Granby Town, Hampshire County, Massachusetts",18
G250015027690,2006-2010,,,Massachusetts,25,Hampshire County,15,Hadley Town,27690,,,,,,,,,,,,,,,,,,,,,,,,,,,"Hadley Town, Hampshire County, Massachusetts",5176,"Hadley Town, Hampshire County, Massachusetts",22
G250015029265,2006-2010,,,Massachusetts,25,Hampshire County,15,Hatfield Town,29265,,,,,,,,,,,,,,,,,,,,,,,,,,,"Hatfield Town, Hampshire County, Massachusetts",3268,"Hatfield Town, Hampshire County, Massachusetts",26
G250015031785,2006-2010,,,Massachusetts,25,Hampshire County,15,Huntington Town,31785,,,,,,,,,,,,,,,,,,,,,,,,,,,"Huntington Town, Hampshire County, Massachusetts",2206,"Huntington Town, Hampshire County, Massachusetts",171
G250015040990,2006-2010,,,Massachusetts,25,Hampshire County,15,Middlefield Town,40990,,,,,,,,,,,,,,,,,,,,,,,,,,,"Middlefield Town, Hampshire County, Massachusetts",418,"Middlefield Town, Hampshire County, Massachusetts",104
G250015046330,2006-2010,,,Massachusetts,25,Hampshire County,15,Northampton City,46330,,,,,,,,,,,,,,,,,,,,,,,,,,,"Northampton City, Hampshire County, Massachusetts",28709,"Northampton City, Hampshire County, Massachusetts",92
G250015052560,2006-2010,,,Massachusetts,25,Hampshire County,15,Pelham Town,52560,,,,,,,,,,,,,,,,,,,,,,,,,,,"Pelham Town, Hampshire County, Massachusetts",1246,"Pelham Town, Hampshire County, Massachusetts",69
G250015054030,2006-2010,,,Massachusetts,25,Hampshire County,15,Plainfield Town,54030,,,,,,,,,,,,,,,,,,,,,,,,,,,"Plainfield Town, Hampshire County, Massachusetts",611,"Plainfield Town, Hampshire County, Massachusetts",72
G250015062745,2006-2010,,,Massachusetts,25,Hampshire County,15,Southampton Town,62745,,,,,,,,,,,,,,,,,,,,,,,,,,,"Southampton Town, Hampshire County, Massachusetts",5718,"Southampton Town, Hampshire County, Massachusetts",29
G250015064145,2006-2010,,,Massachusetts,25,Hampshire County,15,South Hadley Town,64145,,,,,,,,,,,,,,,,,,,,,,,,,,,"South Hadley Town, Hampshire County, Massachusetts",17494,"South Hadley Town, Hampshire County, Massachusetts",25
G250015072880,2006-2010,,,Massachusetts,25,Hampshire County,15,Ware Town,72880,,,,,,,,,,,,,,,,,,,,,,,,,,,"Ware Town, Hampshire County, Massachusetts",9860,"Ware Town, Hampshire County, Massachusetts",28
G250015076380,2006-2010,,,Massachusetts,25,Hampshire County,15,Westhampton Town,76380,,,,,,,,,,,,,,,,,,,,,,,,,,,"Westhampton Town, Hampshire County, Massachusetts",1585,"Westhampton Town, Hampshire County, Massachusetts",99
G250015079915,2006-2010,,,Massachusetts,25,Hampshire County,15,Williamsburg Town,79915,,,,,,,,,,,,,,,,,,,,,,,,,,,"Williamsburg Town, Hampshire County, Massachusetts",2633,"Williamsburg Town, Hampshire County, Massachusetts",254
G250015082175,2006-2010,,,Massachusetts,25,Hampshire County,15,Worthington Town,82175,,,,,,,,,,,,,,,,,,,,,,,,,,,"Worthington Town, Hampshire County, Massachusetts",1167,"Worthington Town, Hampshire County, Massachusetts",115
G250017000380,2006-2010,,,Massachusetts,25,Middlesex County,17,Acton Town,380,,,,,,,,,,,,,,,,,,,,,,,,,,,"Acton Town, Middlesex County, Massachusetts",21376,"Acton Town, Middlesex County, Massachusetts",35
G250017001605,2006-2010,,,Massachusetts,25,Middlesex County,17,Arlington Town,1605,,,,,,,,,,,,,,,,,,,,,,,,,,,"Arlington Town, Middlesex County, Massachusetts",42240,"Arlington Town, Middlesex County, Massachusetts",69
G250017001955,2006-2010,,,Massachusetts,25,Middlesex County,17,Ashby Town,1955,,,,,,,,,,,,,,,,,,,,,,,,,,,"Ashby Town, Middlesex County, Massachusetts",2987,"Ashby Town, Middlesex County, Massachusetts",21
G250017002130,2006-2010,,,Massachusetts,25,Middlesex County,17,Ashland Town,2130,,,,,,,,,,,,,,,,,,,,,,,,,,,"Ashland Town, Middlesex County, Massachusetts",16053,"Ashland Town, Middlesex County, Massachusetts",34
G250017003005,2006-2010,,,Massachusetts,25,Middlesex County,17,Ayer Town,3005,,,,,,,,,,,,,,,,,,,,,,,,,,,"Ayer Town, Middlesex County, Massachusetts",7314,"Ayer Town, Middlesex County, Massachusetts",29
G250017004615,2006-2010,,,Massachusetts,25,Middlesex County,17,Bedford Town,4615,,,,,,,,,,,,,,,,,,,,,,,,,,,"Bedford Town, Middlesex County, Massachusetts",13071,"Bedford Town, Middlesex County, Massachusetts",25
G250017005070,2006-2010,,,Massachusetts,25,Middlesex County,17,Belmont Town,5070,,,,,,,,,,,,,,,,,,,,,,,,,,,"Belmont Town, Middlesex County, Massachusetts",24356,"Belmont Town, Middlesex County, Massachusetts",28
G250017005805,2006-2010,,,Massachusetts,25,Middlesex County,17,Billerica Town,5805,,,,,,,,,,,,,,,,,,,,,,,,,,,"Billerica Town, Middlesex County, Massachusetts",39572,"Billerica Town, Middlesex County, Massachusetts",42
G250017007350,2006-2010,,,Massachusetts,25,Middlesex County,17,Boxborough Town,7350,,,,,,,,,,,,,,,,,,,,,,,,,,,"Boxborough Town, Middlesex County, Massachusetts",4908,"Boxborough Town, Middlesex County, Massachusetts",26
G250017009840,2006-2010,,,Massachusetts,25,Middlesex County,17,Burlington Town,9840,,,,,,,,,,,,,,,,,,,,,,,,,,,"Burlington Town, Middlesex County, Massachusetts",23926,"Burlington Town, Middlesex County, Massachusetts",26
G250017011000,2006-2010,,,Massachusetts,25,Middlesex County,17,Cambridge City,11000,,,,,,,,,,,,,,,,,,,,,,,,,,,"Cambridge City, Middlesex County, Massachusetts",103506,"Cambridge City, Middlesex County, Massachusetts",49
G250017011525,2006-2010,,,Massachusetts,25,Middlesex County,17,Carlisle Town,11525,,,,,,,,,,,,,,,,,,,,,,,,,,,"Carlisle Town, Middlesex County, Massachusetts",4766,"Carlisle Town, Middlesex County, Massachusetts",26
G250017013135,2006-2010,,,Massachusetts,25,Middlesex County,17,Chelmsford Town,13135,,,,,,,,,,,,,,,,,,,,,,,,,,,"Chelmsford Town, Middlesex County, Massachusetts",33368,"Chelmsford Town, Middlesex County, Massachusetts",28
G250017015060,2006-2010,,,Massachusetts,25,Middlesex County,17,Concord Town,15060,,,,,,,,,,,,,,,,,,,,,,,,,,,"Concord Town, Middlesex County, Massachusetts",17373,"Concord Town, Middlesex County, Massachusetts",24
G250017017475,2006-2010,,,Massachusetts,25,Middlesex County,17,Dracut Town,17475,,,,,,,,,,,,,,,,,,,,,,,,,,,"Dracut Town, Middlesex County, Massachusetts",28960,"Dracut Town, Middlesex County, Massachusetts",26
G250017017825,2006-2010,,,Massachusetts,25,Middlesex County,17,Dunstable Town,17825,,,,,,,,,,,,,,,,,,,,,,,,,,,"Dunstable Town, Middlesex County, Massachusetts",3076,"Dunstable Town, Middlesex County, Massachusetts",22
G250017021990,2006-2010,,,Massachusetts,25,Middlesex County,17,Everett City,21990,,,,,,,,,,,,,,,,,,,,,,,,,,,"Everett City, Middlesex County, Massachusetts",40560,"Everett City, Middlesex County, Massachusetts",27
G250017024925,2006-2010,,,Massachusetts,25,Middlesex County,17,Framingham Town,24925,,,,,,,,,,,,,,,,,,,,,,,,,,,"Framingham Town, Middlesex County, Massachusetts",67339,"Framingham Town, Middlesex County, Massachusetts",36
G250017027480,2006-2010,,,Massachusetts,25,Middlesex County,17,Groton Town,27480,,,,,,,,,,,,,,,,,,,,,,,,,,,"Groton Town, Middlesex County, Massachusetts",10327,"Groton Town, Middlesex County, Massachusetts",17
G250017030700,2006-2010,,,Massachusetts,25,Middlesex County,17,Holliston Town,30700,,,,,,,,,,,,,,,,,,,,,,,,,,,"Holliston Town, Middlesex County, Massachusetts",13431,"Holliston Town, Middlesex County, Massachusetts",29
G250017031085,2006-2010,,,Massachusetts,25,Middlesex County,17,Hopkinton Town,31085,,,,,,,,,,,,,,,,,,,,,,,,,,,"Hopkinton Town, Middlesex County, Massachusetts",14474,"Hopkinton Town, Middlesex County, Massachusetts",20
G250017031540,2006-2010,,,Massachusetts,25,Middlesex County,17,Hudson Town,31540,,,,,,,,,,,,,,,,,,,,,,,,,,,"Hudson Town, Middlesex County, Massachusetts",18643,"Hudson Town, Middlesex County, Massachusetts",33
G250017035215,2006-2010,,,Massachusetts,25,Middlesex County,17,Lexington Town,35215,,,,,,,,,,,,,,,,,,,,,,,,,,,"Lexington Town, Middlesex County, Massachusetts",30862,"Lexington Town, Middlesex County, Massachusetts",40
G250017035425,2006-2010,,,Massachusetts,25,Middlesex County,17,Lincoln Town,35425,,,,,,,,,,,,,,,,,,,,,,,,,,,"Lincoln Town, Middlesex County, Massachusetts",6552,"Lincoln Town, Middlesex County, Massachusetts",19
G250017035950,2006-2010,,,Massachusetts,25,Middlesex County,17,Littleton Town,35950,,,,,,,,,,,,,,,,,,,,,,,,,,,"Littleton Town, Middlesex County, Massachusetts",8697,"Littleton Town, Middlesex County, Massachusetts",34
G250017037000,2006-2010,,,Massachusetts,25,Middlesex County,17,Lowell City,37000,,,,,,,,,,,,,,,,,,,,,,,,,,,"Lowell City, Middlesex County, Massachusetts",105089,"Lowell City, Middlesex County, Massachusetts",77
G250017037875,2006-2010,,,Massachusetts,25,Middlesex County,17,Malden City,37875,,,,,,,,,,,,,,,,,,,,,,,,,,,"Malden City, Middlesex County, Massachusetts",58180,"Malden City, Middlesex County, Massachusetts",32
G250017038715,2006-2010,,,Massachusetts,25,Middlesex County,17,Marlborough City,38715,,,,,,,,,,,,,,,,,,,,,,,,,,,"Marlborough City, Middlesex County, Massachusetts",37674,"Marlborough City, Middlesex County, Massachusetts",24
G250017039625,2006-2010,,,Massachusetts,25,Middlesex County,17,Maynard Town,39625,,,,,,,,,,,,,,,,,,,,,,,,,,,"Maynard Town, Middlesex County, Massachusetts",10036,"Maynard Town, Middlesex County, Massachusetts",23
G250017039835,2006-2010,,,Massachusetts,25,Middlesex County,17,Medford City,39835,,,,,,,,,,,,,,,,,,,,,,,,,,,"Medford City, Middlesex County, Massachusetts",55451,"Medford City, Middlesex County, Massachusetts",34
G250017040115,2006-2010,,,Massachusetts,25,Middlesex County,17,Melrose City,40115,,,,,,,,,,,,,,,,,,,,,,,,,,,"Melrose City, Middlesex County, Massachusetts",26704,"Melrose City, Middlesex County, Massachusetts",34
G250017043895,2006-2010,,,Massachusetts,25,Middlesex County,17,Natick Town,43895,,,,,,,,,,,,,,,,,,,,,,,,,,,"Natick Town, Middlesex County, Massachusetts",32443,"Natick Town, Middlesex County, Massachusetts",43
G250017045560,2006-2010,,,Massachusetts,25,Middlesex County,17,Newton City,45560,,,,,,,,,,,,,,,,,,,,,,,,,,,"Newton City, Middlesex County, Massachusetts",83949,"Newton City, Middlesex County, Massachusetts",39
G250017048955,2006-2010,,,Massachusetts,25,Middlesex County,17,North Reading Town,48955,,,,,,,,,,,,,,,,,,,,,,,,,,,"North Reading Town, Middlesex County, Massachusetts",14536,"North Reading Town, Middlesex County, Massachusetts",19
G250017052805,2006-2010,,,Massachusetts,25,Middlesex County,17,Pepperell Town,52805,,,,,,,,,,,,,,,,,,,,,,,,,,,"Pepperell Town, Middlesex County, Massachusetts",11299,"Pepperell Town, Middlesex County, Massachusetts",18
G250017056130,2006-2010,,,Massachusetts,25,Middlesex County,17,Reading Town,56130,,,,,,,,,,,,,,,,,,,,,,,,,,,"Reading Town, Middlesex County, Massachusetts",24261,"Reading Town, Middlesex County, Massachusetts",42
G250017061380,2006-2010,,,Massachusetts,25,Middlesex County,17,Sherborn Town,61380,,,,,,,,,,,,,,,,,,,,,,,,,,,"Sherborn Town, Middlesex County, Massachusetts",4089,"Sherborn Town, Middlesex County, Massachusetts",27
G250017061590,2006-2010,,,Massachusetts,25,Middlesex County,17,Shirley Town,61590,,,,,,,,,,,,,,,,,,,,,,,,,,,"Shirley Town, Middlesex County, Massachusetts",7226,"Shirley Town, Middlesex County, Massachusetts",19
G250017062535,2006-2010,,,Massachusetts,25,Middlesex County,17,Somerville City,62535,,,,,,,,,,,,,,,,,,,,,,,,,,,"Somerville City, Middlesex County, Massachusetts",75215,"Somerville City, Middlesex County, Massachusetts",51
G250017067665,2006-2010,,,Massachusetts,25,Middlesex County,17,Stoneham Town,67665,,,,,,,,,,,,,,,,,,,,,,,,,,,"Stoneham Town, Middlesex County, Massachusetts",21320,"Stoneham Town, Middlesex County, Massachusetts",25
G250017068050,2006-2010,,,Massachusetts,25,Middlesex County,17,Stow Town,68050,,,,,,,,,,,,,,,,,,,,,,,,,,,"Stow Town, Middlesex County, Massachusetts",6395,"Stow Town, Middlesex County, Massachusetts",18
G250017068260,2006-2010,,,Massachusetts,25,Middlesex County,17,Sudbury Town,68260,,,,,,,,,,,,,,,,,,,,,,,,,,,"Sudbury Town, Middlesex County, Massachusetts",17308,"Sudbury Town, Middlesex County, Massachusetts",26
G250017069415,2006-2010,,,Massachusetts,25,Middlesex County,17,Tewksbury Town,69415,,,,,,,,,,,,,,,,,,,,,,,,,,,"Tewksbury Town, Middlesex County, Massachusetts",28619,"Tewksbury Town, Middlesex County, Massachusetts",23
G250017070360,2006-2010,,,Massachusetts,25,Middlesex County,17,Townsend Town,70360,,,,,,,,,,,,,,,,,,,,,,,,,,,"Townsend Town, Middlesex County, Massachusetts",8871,"Townsend Town, Middlesex County, Massachusetts",19
G250017071025,2006-2010,,,Massachusetts,25,Middlesex County,17,Tyngsborough Town,71025,,,,,,,,,,,,,,,,,,,,,,,,,,,"Tyngsborough Town, Middlesex County, Massachusetts",11124,"Tyngsborough Town, Middlesex County, Massachusetts",27
G250017072215,2006-2010,,,Massachusetts,25,Middlesex County,17,Wakefield Town,72215,,,,,,,,,,,,,,,,,,,,,,,,,,,"Wakefield Town, Middlesex County, Massachusetts",24620,"Wakefield Town, Middlesex County, Massachusetts",23
G250017072600,2006-2010,,,Massachusetts,25,Middlesex County,17,Waltham City,72600,,,,,,,,,,,,,,,,,,,,,,,,,,,"Waltham City, Middlesex County, Massachusetts",59771,"Waltham City, Middlesex County, Massachusetts",34
G250017073440,2006-2010,,,Massachusetts,25,Middlesex County,17,WaterTown Town City,73440,,,,,,,,,,,,,,,,,,,,,,,,,,,"WaterTown Town City, Middlesex County, Massachusetts",31591,"WaterTown Town City, Middlesex County, Massachusetts",39
G250017073790,2006-2010,,,Massachusetts,25,Middlesex County,17,Wayland Town,73790,,,,,,,,,,,,,,,,,,,,,,,,,,,"Wayland Town, Middlesex County, Massachusetts",12864,"Wayland Town, Middlesex County, Massachusetts",26
G250017076135,2006-2010,,,Massachusetts,25,Middlesex County,17,Westford Town,76135,,,,,,,,,,,,,,,,,,,,,,,,,,,"Westford Town, Middlesex County, Massachusetts",21483,"Westford Town, Middlesex County, Massachusetts",23
G250017077255,2006-2010,,,Massachusetts,25,Middlesex County,17,Weston Town,77255,,,,,,,,,,,,,,,,,,,,,,,,,,,"Weston Town, Middlesex County, Massachusetts",11191,"Weston Town, Middlesex County, Massachusetts",32
G250017080230,2006-2010,,,Massachusetts,25,Middlesex County,17,Wilmington Town,80230,,,,,,,,,,,,,,,,,,,,,,,,,,,"Wilmington Town, Middlesex County, Massachusetts",21891,"Wilmington Town, Middlesex County, Massachusetts",24
G250017080510,2006-2010,,,Massachusetts,25,Middlesex County,17,Winchester Town,80510,,,,,,,,,,,,,,,,,,,,,,,,,,,"Winchester Town, Middlesex County, Massachusetts",21016,"Winchester Town, Middlesex County, Massachusetts",33
G250017081035,2006-2010,,,Massachusetts,25,Middlesex County,17,Woburn City,81035,,,,,,,,,,,,,,,,,,,,,,,,,,,"Woburn City, Middlesex County, Massachusetts",37538,"Woburn City, Middlesex County, Massachusetts",59
G250019000000,2006-2010,,,Massachusetts,25,Nantucket County,19,County subdivisions not defined,0,,,,,,,,,,,,,,,,,,,,,,,,,,,"County subdivisions not defined, Nantucket County, Massachusetts",0,"County subdivisions not defined, Nantucket County, Massachusetts",127
G250019043790,2006-2010,,,Massachusetts,25,Nantucket County,19,Nantucket Town,43790,,,,,,,,,,,,,,,,,,,,,,,,,,,"Nantucket Town, Nantucket County, Massachusetts",10069,"Nantucket Town, Nantucket County, Massachusetts",0
G250021002935,2006-2010,,,Massachusetts,25,Norfolk County,21,Avon Town,2935,,,,,,,,,,,,,,,,,,,,,,,,,,,"Avon Town, Norfolk County, Massachusetts",4335,"Avon Town, Norfolk County, Massachusetts",21
G250021004930,2006-2010,,,Massachusetts,25,Norfolk County,21,Bellingham Town,4930,,,,,,,,,,,,,,,,,,,,,,,,,,,"Bellingham Town, Norfolk County, Massachusetts",16017,"Bellingham Town, Norfolk County, Massachusetts",21
G250021007740,2006-2010,,,Massachusetts,25,Norfolk County,21,Braintree Town City,7740,,,,,,,,,,,,,,,,,,,,,,,,,,,"Braintree Town City, Norfolk County, Massachusetts",35122,"Braintree Town City, Norfolk County, Massachusetts",22
G250021009175,2006-2010,,,Massachusetts,25,Norfolk County,21,Brookline Town,9175,,,,,,,,,,,,,,,,,,,,,,,,,,,"Brookline Town, Norfolk County, Massachusetts",57953,"Brookline Town, Norfolk County, Massachusetts",107
G250021011315,2006-2010,,,Massachusetts,25,Norfolk County,21,Canton Town,11315,,,,,,,,,,,,,,,,,,,,,,,,,,,"Canton Town, Norfolk County, Massachusetts",21246,"Canton Town, Norfolk County, Massachusetts",28
G250021014640,2006-2010,,,Massachusetts,25,Norfolk County,21,Cohasset Town,14640,,,,,,,,,,,,,,,,,,,,,,,,,,,"Cohasset Town, Norfolk County, Massachusetts",7434,"Cohasset Town, Norfolk County, Massachusetts",19
G250021016495,2006-2010,,,Massachusetts,25,Norfolk County,21,Dedham Town,16495,,,,,,,,,,,,,,,,,,,,,,,,,,,"Dedham Town, Norfolk County, Massachusetts",24325,"Dedham Town, Norfolk County, Massachusetts",24
G250021017405,2006-2010,,,Massachusetts,25,Norfolk County,21,Dover Town,17405,,,,,,,,,,,,,,,,,,,,,,,,,,,"Dover Town, Norfolk County, Massachusetts",5528,"Dover Town, Norfolk County, Massachusetts",44
G250021024820,2006-2010,,,Massachusetts,25,Norfolk County,21,Foxborough Town,24820,,,,,,,,,,,,,,,,,,,,,,,,,,,"Foxborough Town, Norfolk County, Massachusetts",16621,"Foxborough Town, Norfolk County, Massachusetts",32
G250021025172,2006-2010,,,Massachusetts,25,Norfolk County,21,Franklin Town City,25172,,,,,,,,,,,,,,,,,,,,,,,,,,,"Franklin Town City, Norfolk County, Massachusetts",31023,"Franklin Town City, Norfolk County, Massachusetts",27
G250021030455,2006-2010,,,Massachusetts,25,Norfolk County,21,Holbrook Town,30455,,,,,,,,,,,,,,,,,,,,,,,,,,,"Holbrook Town, Norfolk County, Massachusetts",10694,"Holbrook Town, Norfolk County, Massachusetts",21
G250021039765,2006-2010,,,Massachusetts,25,Norfolk County,21,Medfield Town,39765,,,,,,,,,,,,,,,,,,,,,,,,,,,"Medfield Town, Norfolk County, Massachusetts",11976,"Medfield Town, Norfolk County, Massachusetts",29
G250021039975,2006-2010,,,Massachusetts,25,Norfolk County,21,Medway Town,39975,,,,,,,,,,,,,,,,,,,,,,,,,,,"Medway Town, Norfolk County, Massachusetts",12597,"Medway Town, Norfolk County, Massachusetts",21
G250021041515,2006-2010,,,Massachusetts,25,Norfolk County,21,Millis Town,41515,,,,,,,,,,,,,,,,,,,,,,,,,,,"Millis Town, Norfolk County, Massachusetts",7824,"Millis Town, Norfolk County, Massachusetts",21
G250021041690,2006-2010,,,Massachusetts,25,Norfolk County,21,Milton Town,41690,,,,,,,,,,,,,,,,,,,,,,,,,,,"Milton Town, Norfolk County, Massachusetts",26667,"Milton Town, Norfolk County, Massachusetts",36
G250021044105,2006-2010,,,Massachusetts,25,Norfolk County,21,Needham Town,44105,,,,,,,,,,,,,,,,,,,,,,,,,,,"Needham Town, Norfolk County, Massachusetts",28683,"Needham Town, Norfolk County, Massachusetts",46
G250021046050,2006-2010,,,Massachusetts,25,Norfolk County,21,Norfolk Town,46050,,,,,,,,,,,,,,,,,,,,,,,,,,,"Norfolk Town, Norfolk County, Massachusetts",11054,"Norfolk Town, Norfolk County, Massachusetts",43
G250021050250,2006-2010,,,Massachusetts,25,Norfolk County,21,Norwood Town,50250,,,,,,,,,,,,,,,,,,,,,,,,,,,"Norwood Town, Norfolk County, Massachusetts",28375,"Norwood Town, Norfolk County, Massachusetts",32
G250021054100,2006-2010,,,Massachusetts,25,Norfolk County,21,Plainville Town,54100,,,,,,,,,,,,,,,,,,,,,,,,,,,"Plainville Town, Norfolk County, Massachusetts",8091,"Plainville Town, Norfolk County, Massachusetts",15
G250021055745,2006-2010,,,Massachusetts,25,Norfolk County,21,Quincy City,55745,,,,,,,,,,,,,,,,,,,,,,,,,,,"Quincy City, Norfolk County, Massachusetts",90780,"Quincy City, Norfolk County, Massachusetts",31
G250021055955,2006-2010,,,Massachusetts,25,Norfolk County,21,Randolph Town,55955,,,,,,,,,,,,,,,,,,,,,,,,,,,"Randolph Town, Norfolk County, Massachusetts",31661,"Randolph Town, Norfolk County, Massachusetts",55
G250021060785,2006-2010,,,Massachusetts,25,Norfolk County,21,Sharon Town,60785,,,,,,,,,,,,,,,,,,,,,,,,,,,"Sharon Town, Norfolk County, Massachusetts",17435,"Sharon Town, Norfolk County, Massachusetts",27
G250021067945,2006-2010,,,Massachusetts,25,Norfolk County,21,Stoughton Town,67945,,,,,,,,,,,,,,,,,,,,,,,,,,,"Stoughton Town, Norfolk County, Massachusetts",26781,"Stoughton Town, Norfolk County, Massachusetts",37
G250021072495,2006-2010,,,Massachusetts,25,Norfolk County,21,Walpole Town,72495,,,,,,,,,,,,,,,,,,,,,,,,,,,"Walpole Town, Norfolk County, Massachusetts",23673,"Walpole Town, Norfolk County, Massachusetts",31
G250021074175,2006-2010,,,Massachusetts,25,Norfolk County,21,Wellesley Town,74175,,,,,,,,,,,,,,,,,,,,,,,,,,,"Wellesley Town, Norfolk County, Massachusetts",27623,"Wellesley Town, Norfolk County, Massachusetts",25
G250021078690,2006-2010,,,Massachusetts,25,Norfolk County,21,Westwood Town,78690,,,,,,,,,,,,,,,,,,,,,,,,,,,"Westwood Town, Norfolk County, Massachusetts",14405,"Westwood Town, Norfolk County, Massachusetts",22
G250021078972,2006-2010,,,Massachusetts,25,Norfolk County,21,Weymouth Town City,78972,,,,,,,,,,,,,,,,,,,,,,,,,,,"Weymouth Town City, Norfolk County, Massachusetts",53342,"Weymouth Town City, Norfolk County, Massachusetts",33
G250021082315,2006-2010,,,Massachusetts,25,Norfolk County,21,Wrentham Town,82315,,,,,,,,,,,,,,,,,,,,,,,,,,,"Wrentham Town, Norfolk County, Massachusetts",10812,"Wrentham Town, Norfolk County, Massachusetts",23
G250023000000,2006-2010,,,Massachusetts,25,Plymouth County,23,County subdivisions not defined,0,,,,,,,,,,,,,,,,,,,,,,,,,,,"County subdivisions not defined, Plymouth County, Massachusetts",0,"County subdivisions not defined, Plymouth County, Massachusetts",127
G250023000170,2006-2010,,,Massachusetts,25,Plymouth County,23,Abington Town,170,,,,,,,,,,,,,,,,,,,,,,,,,,,"Abington Town, Plymouth County, Massachusetts",15704,"Abington Town, Plymouth County, Massachusetts",46
G250023008085,2006-2010,,,Massachusetts,25,Plymouth County,23,Bridgewater Town,8085,,,,,,,,,,,,,,,,,,,,,,,,,,,"Bridgewater Town, Plymouth County, Massachusetts",26396,"Bridgewater Town, Plymouth County, Massachusetts",26
G250023009000,2006-2010,,,Massachusetts,25,Plymouth County,23,Brockton City,9000,,,,,,,,,,,,,,,,,,,,,,,,,,,"Brockton City, Plymouth County, Massachusetts",93869,"Brockton City, Plymouth County, Massachusetts",31
G250023011665,2006-2010,,,Massachusetts,25,Plymouth County,23,Carver Town,11665,,,,,,,,,,,,,,,,,,,,,,,,,,,"Carver Town, Plymouth County, Massachusetts",11447,"Carver Town, Plymouth County, Massachusetts",33
G250023017895,2006-2010,,,Massachusetts,25,Plymouth County,23,Duxbury Town,17895,,,,,,,,,,,,,,,,,,,,,,,,,,,"Duxbury Town, Plymouth County, Massachusetts",14897,"Duxbury Town, Plymouth County, Massachusetts",29
G250023018455,2006-2010,,,Massachusetts,25,Plymouth County,23,East Bridgewater Town,18455,,,,,,,,,,,,,,,,,,,,,,,,,,,"East Bridgewater Town, Plymouth County, Massachusetts",13636,"East Bridgewater Town, Plymouth County, Massachusetts",17
G250023027795,2006-2010,,,Massachusetts,25,Plymouth County,23,Halifax Town,27795,,,,,,,,,,,,,,,,,,,,,,,,,,,"Halifax Town, Plymouth County, Massachusetts",7508,"Halifax Town, Plymouth County, Massachusetts",30
G250023028285,2006-2010,,,Massachusetts,25,Plymouth County,23,Hanover Town,28285,,,,,,,,,,,,,,,,,,,,,,,,,,,"Hanover Town, Plymouth County, Massachusetts",13743,"Hanover Town, Plymouth County, Massachusetts",20
G250023028495,2006-2010,,,Massachusetts,25,Plymouth County,23,Hanson Town,28495,,,,,,,,,,,,,,,,,,,,,,,,,,,"Hanson Town, Plymouth County, Massachusetts",10094,"Hanson Town, Plymouth County, Massachusetts",34
G250023030210,2006-2010,,,Massachusetts,25,Plymouth County,23,Hingham Town,30210,,,,,,,,,,,,,,,,,,,,,,,,,,,"Hingham Town, Plymouth County, Massachusetts",21731,"Hingham Town, Plymouth County, Massachusetts",21
G250023031645,2006-2010,,,Massachusetts,25,Plymouth County,23,Hull Town,31645,,,,,,,,,,,,,,,,,,,,,,,,,,,"Hull Town, Plymouth County, Massachusetts",10420,"Hull Town, Plymouth County, Massachusetts",16
G250023033220,2006-2010,,,Massachusetts,25,Plymouth County,23,Kingston Town,33220,,,,,,,,,,,,,,,,,,,,,,,,,,,"Kingston Town, Plymouth County, Massachusetts",12470,"Kingston Town, Plymouth County, Massachusetts",20
G250023033920,2006-2010,,,Massachusetts,25,Plymouth County,23,Lakeville Town,33920,,,,,,,,,,,,,,,,,,,,,,,,,,,"Lakeville Town, Plymouth County, Massachusetts",10462,"Lakeville Town, Plymouth County, Massachusetts",42
G250023038540,2006-2010,,,Massachusetts,25,Plymouth County,23,Marion Town,38540,,,,,,,,,,,,,,,,,,,,,,,,,,,"Marion Town, Plymouth County, Massachusetts",4948,"Marion Town, Plymouth County, Massachusetts",16
G250023038855,2006-2010,,,Massachusetts,25,Plymouth County,23,Marshfield Town,38855,,,,,,,,,,,,,,,,,,,,,,,,,,,"Marshfield Town, Plymouth County, Massachusetts",24969,"Marshfield Town, Plymouth County, Massachusetts",21
G250023039450,2006-2010,,,Massachusetts,25,Plymouth County,23,Mattapoisett Town,39450,,,,,,,,,,,,,,,,,,,,,,,,,,,"Mattapoisett Town, Plymouth County, Massachusetts",6079,"Mattapoisett Town, Plymouth County, Massachusetts",18
G250023040850,2006-2010,,,Massachusetts,25,Plymouth County,23,Middleborough Town,40850,,,,,,,,,,,,,,,,,,,,,,,,,,,"Middleborough Town, Plymouth County, Massachusetts",22538,"Middleborough Town, Plymouth County, Massachusetts",23
G250023050145,2006-2010,,,Massachusetts,25,Plymouth County,23,Norwell Town,50145,,,,,,,,,,,,,,,,,,,,,,,,,,,"Norwell Town, Plymouth County, Massachusetts",10370,"Norwell Town, Plymouth County, Massachusetts",25
G250023052630,2006-2010,,,Massachusetts,25,Plymouth County,23,Pembroke Town,52630,,,,,,,,,,,,,,,,,,,,,,,,,,,"Pembroke Town, Plymouth County, Massachusetts",17660,"Pembroke Town, Plymouth County, Massachusetts",23
G250023054310,2006-2010,,,Massachusetts,25,Plymouth County,23,Plymouth Town,54310,,,,,,,,,,,,,,,,,,,,,,,,,,,"Plymouth Town, Plymouth County, Massachusetts",55606,"Plymouth Town, Plymouth County, Massachusetts",31
G250023054415,2006-2010,,,Massachusetts,25,Plymouth County,23,Plympton Town,54415,,,,,,,,,,,,,,,,,,,,,,,,,,,"Plympton Town, Plymouth County, Massachusetts",2777,"Plympton Town, Plymouth County, Massachusetts",34
G250023057600,2006-2010,,,Massachusetts,25,Plymouth County,23,Rochester Town,57600,,,,,,,,,,,,,,,,,,,,,,,,,,,"Rochester Town, Plymouth County, Massachusetts",5109,"Rochester Town, Plymouth County, Massachusetts",19
G250023057775,2006-2010,,,Massachusetts,25,Plymouth County,23,Rockland Town,57775,,,,,,,,,,,,,,,,,,,,,,,,,,,"Rockland Town, Plymouth County, Massachusetts",17511,"Rockland Town, Plymouth County, Massachusetts",20
G250023060330,2006-2010,,,Massachusetts,25,Plymouth County,23,Scituate Town,60330,,,,,,,,,,,,,,,,,,,,,,,,,,,"Scituate Town, Plymouth County, Massachusetts",18075,"Scituate Town, Plymouth County, Massachusetts",20
G250023072985,2006-2010,,,Massachusetts,25,Plymouth County,23,Wareham Town,72985,,,,,,,,,,,,,,,,,,,,,,,,,,,"Wareham Town, Plymouth County, Massachusetts",21536,"Wareham Town, Plymouth County, Massachusetts",21
G250023075260,2006-2010,,,Massachusetts,25,Plymouth County,23,West Bridgewater Town,75260,,,,,,,,,,,,,,,,,,,,,,,,,,,"West Bridgewater Town, Plymouth County, Massachusetts",6859,"West Bridgewater Town, Plymouth County, Massachusetts",20
G250023079530,2006-2010,,,Massachusetts,25,Plymouth County,23,Whitman Town,79530,,,,,,,,,,,,,,,,,,,,,,,,,,,"Whitman Town, Plymouth County, Massachusetts",14370,"Whitman Town, Plymouth County, Massachusetts",24
G250025000000,2006-2010,,,Massachusetts,25,Suffolk County,25,County subdivisions not defined,0,,,,,,,,,,,,,,,,,,,,,,,,,,,"County subdivisions not defined, Suffolk County, Massachusetts",0,"County subdivisions not defined, Suffolk County, Massachusetts",127
G250025007000,2006-2010,,,Massachusetts,25,Suffolk County,25,Boston City,7000,,,,,,,,,,,,,,,,,,,,,,,,,,,"Boston City, Suffolk County, Massachusetts",602609,"Boston City, Suffolk County, Massachusetts",58
G250025013205,2006-2010,,,Massachusetts,25,Suffolk County,25,Chelsea City,13205,,,,,,,,,,,,,,,,,,,,,,,,,,,"Chelsea City, Suffolk County, Massachusetts",34532,"Chelsea City, Suffolk County, Massachusetts",40
G250025056585,2006-2010,,,Massachusetts,25,Suffolk County,25,Revere City,56585,,,,,,,,,,,,,,,,,,,,,,,,,,,"Revere City, Suffolk County, Massachusetts",50008,"Revere City, Suffolk County, Massachusetts",58
G250025081005,2006-2010,,,Massachusetts,25,Suffolk County,25,Winthrop Town City,81005,,,,,,,,,,,,,,,,,,,,,,,,,,,"Winthrop Town City, Suffolk County, Massachusetts",17311,"Winthrop Town City, Suffolk County, Massachusetts",26
G250027001885,2006-2010,,,Massachusetts,25,Worcester County,27,Ashburnham Town,1885,,,,,,,,,,,,,,,,,,,,,,,,,,,"Ashburnham Town, Worcester County, Massachusetts",5991,"Ashburnham Town, Worcester County, Massachusetts",33
G250027002480,2006-2010,,,Massachusetts,25,Worcester County,27,Athol Town,2480,,,,,,,,,,,,,,,,,,,,,,,,,,,"Athol Town, Worcester County, Massachusetts",11559,"Athol Town, Worcester County, Massachusetts",25
G250027002760,2006-2010,,,Massachusetts,25,Worcester County,27,Auburn Town,2760,,,,,,,,,,,,,,,,,,,,,,,,,,,"Auburn Town, Worcester County, Massachusetts",16185,"Auburn Town, Worcester County, Massachusetts",28
G250027003740,2006-2010,,,Massachusetts,25,Worcester County,27,Barre Town,3740,,,,,,,,,,,,,,,,,,,,,,,,,,,"Barre Town, Worcester County, Massachusetts",5370,"Barre Town, Worcester County, Massachusetts",37
G250027005490,2006-2010,,,Massachusetts,25,Worcester County,27,Berlin Town,5490,,,,,,,,,,,,,,,,,,,,,,,,,,,"Berlin Town, Worcester County, Massachusetts",2789,"Berlin Town, Worcester County, Massachusetts",22
G250027006015,2006-2010,,,Massachusetts,25,Worcester County,27,Blackstone Town,6015,,,,,,,,,,,,,,,,,,,,,,,,,,,"Blackstone Town, Worcester County, Massachusetts",9003,"Blackstone Town, Worcester County, Massachusetts",20
G250027006365,2006-2010,,,Massachusetts,25,Worcester County,27,Bolton Town,6365,,,,,,,,,,,,,,,,,,,,,,,,,,,"Bolton Town, Worcester County, Massachusetts",4779,"Bolton Town, Worcester County, Massachusetts",21
G250027007525,2006-2010,,,Massachusetts,25,Worcester County,27,Boylston Town,7525,,,,,,,,,,,,,,,,,,,,,,,,,,,"Boylston Town, Worcester County, Massachusetts",4308,"Boylston Town, Worcester County, Massachusetts",27
G250027009105,2006-2010,,,Massachusetts,25,Worcester County,27,Brookfield Town,9105,,,,,,,,,,,,,,,,,,,,,,,,,,,"Brookfield Town, Worcester County, Massachusetts",3342,"Brookfield Town, Worcester County, Massachusetts",24
G250027012715,2006-2010,,,Massachusetts,25,Worcester County,27,Charlton Town,12715,,,,,,,,,,,,,,,,,,,,,,,,,,,"Charlton Town, Worcester County, Massachusetts",12708,"Charlton Town, Worcester County, Massachusetts",22
G250027014395,2006-2010,,,Massachusetts,25,Worcester County,27,Clinton Town,14395,,,,,,,,,,,,,,,,,,,,,,,,,,,"Clinton Town, Worcester County, Massachusetts",13610,"Clinton Town, Worcester County, Massachusetts",23
G250027017300,2006-2010,,,Massachusetts,25,Worcester County,27,Douglas Town,17300,,,,,,,,,,,,,,,,,,,,,,,,,,,"Douglas Town, Worcester County, Massachusetts",8239,"Douglas Town, Worcester County, Massachusetts",16
G250027017685,2006-2010,,,Massachusetts,25,Worcester County,27,Dudley Town,17685,,,,,,,,,,,,,,,,,,,,,,,,,,,"Dudley Town, Worcester County, Massachusetts",11171,"Dudley Town, Worcester County, Massachusetts",31
G250027018560,2006-2010,,,Massachusetts,25,Worcester County,27,East Brookfield Town,18560,,,,,,,,,,,,,,,,,,,,,,,,,,,"East Brookfield Town, Worcester County, Massachusetts",2034,"East Brookfield Town, Worcester County, Massachusetts",139
G250027023875,2006-2010,,,Massachusetts,25,Worcester County,27,Fitchburg City,23875,,,,,,,,,,,,,,,,,,,,,,,,,,,"Fitchburg City, Worcester County, Massachusetts",40214,"Fitchburg City, Worcester County, Massachusetts",33
G250027025485,2006-2010,,,Massachusetts,25,Worcester County,27,Gardner City,25485,,,,,,,,,,,,,,,,,,,,,,,,,,,"Gardner City, Worcester County, Massachusetts",20386,"Gardner City, Worcester County, Massachusetts",22
G250027026430,2006-2010,,,Massachusetts,25,Worcester County,27,Grafton Town,26430,,,,,,,,,,,,,,,,,,,,,,,,,,,"Grafton Town, Worcester County, Massachusetts",17281,"Grafton Town, Worcester County, Massachusetts",26
G250027028740,2006-2010,,,Massachusetts,25,Worcester County,27,Hardwick Town,28740,,,,,,,,,,,,,,,,,,,,,,,,,,,"Hardwick Town, Worcester County, Massachusetts",2926,"Hardwick Town, Worcester County, Massachusetts",24
G250027028950,2006-2010,,,Massachusetts,25,Worcester County,27,Harvard Town,28950,,,,,,,,,,,,,,,,,,,,,,,,,,,"Harvard Town, Worcester County, Massachusetts",6433,"Harvard Town, Worcester County, Massachusetts",27
G250027030560,2006-2010,,,Massachusetts,25,Worcester County,27,Holden Town,30560,,,,,,,,,,,,,,,,,,,,,,,,,,,"Holden Town, Worcester County, Massachusetts",17073,"Holden Town, Worcester County, Massachusetts",27
G250027030945,2006-2010,,,Massachusetts,25,Worcester County,27,Hopedale Town,30945,,,,,,,,,,,,,,,,,,,,,,,,,,,"Hopedale Town, Worcester County, Massachusetts",5902,"Hopedale Town, Worcester County, Massachusetts",19
G250027031435,2006-2010,,,Massachusetts,25,Worcester County,27,Hubbardston Town,31435,,,,,,,,,,,,,,,,,,,,,,,,,,,"Hubbardston Town, Worcester County, Massachusetts",4310,"Hubbardston Town, Worcester County, Massachusetts",20
G250027034165,2006-2010,,,Massachusetts,25,Worcester County,27,Lancaster Town,34165,,,,,,,,,,,,,,,,,,,,,,,,,,,"Lancaster Town, Worcester County, Massachusetts",7776,"Lancaster Town, Worcester County, Massachusetts",19
G250027034795,2006-2010,,,Massachusetts,25,Worcester County,27,Leicester Town,34795,,,,,,,,,,,,,,,,,,,,,,,,,,,"Leicester Town, Worcester County, Massachusetts",10911,"Leicester Town, Worcester County, Massachusetts",35
G250027035075,2006-2010,,,Massachusetts,25,Worcester County,27,Leominster City,35075,,,,,,,,,,,,,,,,,,,,,,,,,,,"Leominster City, Worcester County, Massachusetts",40941,"Leominster City, Worcester County, Massachusetts",71
G250027037420,2006-2010,,,Massachusetts,25,Worcester County,27,Lunenburg Town,37420,,,,,,,,,,,,,,,,,,,,,,,,,,,"Lunenburg Town, Worcester County, Massachusetts",9985,"Lunenburg Town, Worcester County, Massachusetts",16
G250027040255,2006-2010,,,Massachusetts,25,Worcester County,27,Mendon Town,40255,,,,,,,,,,,,,,,,,,,,,,,,,,,"Mendon Town, Worcester County, Massachusetts",5759,"Mendon Town, Worcester County, Massachusetts",33
G250027041165,2006-2010,,,Massachusetts,25,Worcester County,27,Milford Town,41165,,,,,,,,,,,,,,,,,,,,,,,,,,,"Milford Town, Worcester County, Massachusetts",27855,"Milford Town, Worcester County, Massachusetts",38
G250027041340,2006-2010,,,Massachusetts,25,Worcester County,27,Millbury Town,41340,,,,,,,,,,,,,,,,,,,,,,,,,,,"Millbury Town, Worcester County, Massachusetts",13220,"Millbury Town, Worcester County, Massachusetts",29
G250027041585,2006-2010,,,Massachusetts,25,Worcester County,27,Millville Town,41585,,,,,,,,,,,,,,,,,,,,,,,,,,,"Millville Town, Worcester County, Massachusetts",3114,"Millville Town, Worcester County, Massachusetts",19
G250027045105,2006-2010,,,Massachusetts,25,Worcester County,27,New Braintree Town,45105,,,,,,,,,,,,,,,,,,,,,,,,,,,"New Braintree Town, Worcester County, Massachusetts",997,"New Braintree Town, Worcester County, Massachusetts",206
G250027046820,2006-2010,,,Massachusetts,25,Worcester County,27,Northborough Town,46820,,,,,,,,,,,,,,,,,,,,,,,,,,,"Northborough Town, Worcester County, Massachusetts",14161,"Northborough Town, Worcester County, Massachusetts",31
G250027046925,2006-2010,,,Massachusetts,25,Worcester County,27,Northbridge Town,46925,,,,,,,,,,,,,,,,,,,,,,,,,,,"Northbridge Town, Worcester County, Massachusetts",15287,"Northbridge Town, Worcester County, Massachusetts",26
G250027047135,2006-2010,,,Massachusetts,25,Worcester County,27,North Brookfield Town,47135,,,,,,,,,,,,,,,,,,,,,,,,,,,"North Brookfield Town, Worcester County, Massachusetts",4691,"North Brookfield Town, Worcester County, Massachusetts",22
G250027050670,2006-2010,,,Massachusetts,25,Worcester County,27,Oakham Town,50670,,,,,,,,,,,,,,,,,,,,,,,,,,,"Oakham Town, Worcester County, Massachusetts",1867,"Oakham Town, Worcester County, Massachusetts",122
G250027051825,2006-2010,,,Massachusetts,25,Worcester County,27,Oxford Town,51825,,,,,,,,,,,,,,,,,,,,,,,,,,,"Oxford Town, Worcester County, Massachusetts",13690,"Oxford Town, Worcester County, Massachusetts",31
G250027052420,2006-2010,,,Massachusetts,25,Worcester County,27,Paxton Town,52420,,,,,,,,,,,,,,,,,,,,,,,,,,,"Paxton Town, Worcester County, Massachusetts",4745,"Paxton Town, Worcester County, Massachusetts",16
G250027053120,2006-2010,,,Massachusetts,25,Worcester County,27,Petersham Town,53120,,,,,,,,,,,,,,,,,,,,,,,,,,,"Petersham Town, Worcester County, Massachusetts",1339,"Petersham Town, Worcester County, Massachusetts",205
G250027053225,2006-2010,,,Massachusetts,25,Worcester County,27,Phillipston Town,53225,,,,,,,,,,,,,,,,,,,,,,,,,,,"Phillipston Town, Worcester County, Massachusetts",1849,"Phillipston Town, Worcester County, Massachusetts",161
G250027055395,2006-2010,,,Massachusetts,25,Worcester County,27,Princeton Town,55395,,,,,,,,,,,,,,,,,,,,,,,,,,,"Princeton Town, Worcester County, Massachusetts",3406,"Princeton Town, Worcester County, Massachusetts",19
G250027058580,2006-2010,,,Massachusetts,25,Worcester County,27,Royalston Town,58580,,,,,,,,,,,,,,,,,,,,,,,,,,,"Royalston Town, Worcester County, Massachusetts",1101,"Royalston Town, Worcester County, Massachusetts",145
G250027058825,2006-2010,,,Massachusetts,25,Worcester County,27,Rutland Town,58825,,,,,,,,,,,,,,,,,,,,,,,,,,,"Rutland Town, Worcester County, Massachusetts",7700,"Rutland Town, Worcester County, Massachusetts",18
G250027061800,2006-2010,,,Massachusetts,25,Worcester County,27,Shrewsbury Town,61800,,,,,,,,,,,,,,,,,,,,,,,,,,,"Shrewsbury Town, Worcester County, Massachusetts",35001,"Shrewsbury Town, Worcester County, Massachusetts",28
G250027063165,2006-2010,,,Massachusetts,25,Worcester County,27,Southborough Town,63165,,,,,,,,,,,,,,,,,,,,,,,,,,,"Southborough Town, Worcester County, Massachusetts",9617,"Southborough Town, Worcester County, Massachusetts",25
G250027063345,2006-2010,,,Massachusetts,25,Worcester County,27,Southbridge Town City,63345,,,,,,,,,,,,,,,,,,,,,,,,,,,"Southbridge Town City, Worcester County, Massachusetts",16851,"Southbridge Town City, Worcester County, Massachusetts",32
G250027066105,2006-2010,,,Massachusetts,25,Worcester County,27,Spencer Town,66105,,,,,,,,,,,,,,,,,,,,,,,,,,,"Spencer Town, Worcester County, Massachusetts",11724,"Spencer Town, Worcester County, Massachusetts",29
G250027067385,2006-2010,,,Massachusetts,25,Worcester County,27,Sterling Town,67385,,,,,,,,,,,,,,,,,,,,,,,,,,,"Sterling Town, Worcester County, Massachusetts",7719,"Sterling Town, Worcester County, Massachusetts",43
G250027068155,2006-2010,,,Massachusetts,25,Worcester County,27,Sturbridge Town,68155,,,,,,,,,,,,,,,,,,,,,,,,,,,"Sturbridge Town, Worcester County, Massachusetts",9037,"Sturbridge Town, Worcester County, Massachusetts",24
G250027068610,2006-2010,,,Massachusetts,25,Worcester County,27,Sutton Town,68610,,,,,,,,,,,,,,,,,,,,,,,,,,,"Sutton Town, Worcester County, Massachusetts",8869,"Sutton Town, Worcester County, Massachusetts",17
G250027069275,2006-2010,,,Massachusetts,25,Worcester County,27,Templeton Town,69275,,,,,,,,,,,,,,,,,,,,,,,,,,,"Templeton Town, Worcester County, Massachusetts",7801,"Templeton Town, Worcester County, Massachusetts",20
G250027071480,2006-2010,,,Massachusetts,25,Worcester County,27,Upton Town,71480,,,,,,,,,,,,,,,,,,,,,,,,,,,"Upton Town, Worcester County, Massachusetts",7231,"Upton Town, Worcester County, Massachusetts",20
G250027071620,2006-2010,,,Massachusetts,25,Worcester County,27,Uxbridge Town,71620,,,,,,,,,,,,,,,,,,,,,,,,,,,"Uxbridge Town, Worcester County, Massachusetts",13081,"Uxbridge Town, Worcester County, Massachusetts",25
G250027073090,2006-2010,,,Massachusetts,25,Worcester County,27,Warren Town,73090,,,,,,,,,,,,,,,,,,,,,,,,,,,"Warren Town, Worcester County, Massachusetts",5079,"Warren Town, Worcester County, Massachusetts",25
G250027073895,2006-2010,,,Massachusetts,25,Worcester County,27,Webster Town,73895,,,,,,,,,,,,,,,,,,,,,,,,,,,"Webster Town, Worcester County, Massachusetts",16745,"Webster Town, Worcester County, Massachusetts",22
G250027075015,2006-2010,,,Massachusetts,25,Worcester County,27,Westborough Town,75015,,,,,,,,,,,,,,,,,,,,,,,,,,,"Westborough Town, Worcester County, Massachusetts",18272,"Westborough Town, Worcester County, Massachusetts",35
G250027075155,2006-2010,,,Massachusetts,25,Worcester County,27,West Boylston Town,75155,,,,,,,,,,,,,,,,,,,,,,,,,,,"West Boylston Town, Worcester County, Massachusetts",7657,"West Boylston Town, Worcester County, Massachusetts",19
G250027075400,2006-2010,,,Massachusetts,25,Worcester County,27,West Brookfield Town,75400,,,,,,,,,,,,,,,,,,,,,,,,,,,"West Brookfield Town, Worcester County, Massachusetts",3733,"West Brookfield Town, Worcester County, Massachusetts",20
G250027077010,2006-2010,,,Massachusetts,25,Worcester County,27,Westminster Town,77010,,,,,,,,,,,,,,,,,,,,,,,,,,,"Westminster Town, Worcester County, Massachusetts",7225,"Westminster Town, Worcester County, Massachusetts",17
G250027080405,2006-2010,,,Massachusetts,25,Worcester County,27,Winchendon Town,80405,,,,,,,,,,,,,,,,,,,,,,,,,,,"Winchendon Town, Worcester County, Massachusetts",10212,"Winchendon Town, Worcester County, Massachusetts",33
G250027082000,2006-2010,,,Massachusetts,25,Worcester County,27,Worcester City,82000,,,,,,,,,,,,,,,,,,,,,,,,,,,"Worcester City, Worcester County, Massachusetts",179994,"Worcester City, Worcester County, Massachusetts",63
