GISJOIN,YEAR,REGIONA,DIVISIONA,STATE,STATEA,COUNTY,COUNTYA,COUSUB,COUSUBA,PLACEA,TRACTA,BLKGRPA,CONCITA,AIANHHA,RES_ONLYA,TRUSTA,AITSCEA,ANRCA,CBSAA,CSAA,METDIVA,NECTAA,CNECTAA,NECTADIVA,UAA,CDCURRA,SLDUA,SLDLA,SUBMCDA,SDELMA,SDSECA,SDUNIA,PUMA5A,BTTRA,BTBGA,NAME_E,JMBE001,JMBE002,JMBE003,JMBE004,JMBE005,JMBE006,JMBE007,JMBE008,JMBE009,JMBE010,NAME_M,JMBM001,JMBM002,JMBM003,JMBM004,JMBM005,JMBM006,JMBM007,JMBM008,JMBM009,JMBM010
G250001000000,2006-2010,,,Massachusetts,25,Barnstable County,1,County subdivisions not defined,0,,,,,,,,,,,,,,,,,,,,,,,,,,,"County subdivisions not defined, Barnstable County, Massachusetts",0,0,0,0,0,0,0,0,0,0,"County subdivisions not defined, Barnstable County, Massachusetts",127,127,127,127,127,127,127,127,127,127
G250001003690,2006-2010,,,Massachusetts,25,Barnstable County,1,Barnstable Town city,3690,,,,,,,,,,,,,,,,,,,,,,,,,,,"Barnstable Town city, Barnstable County, Massachusetts",45775,41619,1498,378,441,0,864,975,176,799,"Barnstable Town city, Barnstable County, Massachusetts",27,625,295,225,180,127,407,298,105,293
G250001007175,2006-2010,,,Massachusetts,25,Barnstable County,1,Bourne town,7175,,,,,,,,,,,,,,,,,,,,,,,,,,,"Bourne town, Barnstable County, Massachusetts",19577,18749,151,58,119,0,146,354,0,354,"Bourne town, Barnstable County, Massachusetts",23,306,98,62,71,127,94,222,127,222
G250001007980,2006-2010,,,Massachusetts,25,Barnstable County,1,Brewster town,7980,,,,,,,,,,,,,,,,,,,,,,,,,,,"Brewster town, Barnstable County, Massachusetts",9891,9555,137,25,0,0,15,159,0,159,"Brewster town, Barnstable County, Massachusetts",34,255,112,36,127,127,25,168,127,168
G250001012995,2006-2010,,,Massachusetts,25,Barnstable County,1,Chatham town,12995,,,,,,,,,,,,,,,,,,,,,,,,,,,"Chatham town, Barnstable County, Massachusetts",6221,5739,370,15,38,0,0,59,0,59,"Chatham town, Barnstable County, Massachusetts",35,240,237,25,33,127,127,47,127,47
G250001016775,2006-2010,,,Massachusetts,25,Barnstable County,1,Dennis town,16775,,,,,,,,,,,,,,,,,,,,,,,,,,,"Dennis town, Barnstable County, Massachusetts",14557,13441,615,47,82,0,38,334,81,253,"Dennis town, Barnstable County, Massachusetts",27,432,437,42,57,127,41,235,145,188
G250001019295,2006-2010,,,Massachusetts,25,Barnstable County,1,Eastham town,19295,,,,,,,,,,,,,,,,,,,,,,,,,,,"Eastham town, Barnstable County, Massachusetts",5060,4939,0,0,121,0,0,0,0,0,"Eastham town, Barnstable County, Massachusetts",17,126,127,127,123,127,127,127,127,127
G250001023105,2006-2010,,,Massachusetts,25,Barnstable County,1,Falmouth town,23105,,,,,,,,,,,,,,,,,,,,,,,,,,,"Falmouth town, Barnstable County, Massachusetts",31796,29426,642,71,813,0,138,706,93,613,"Falmouth town, Barnstable County, Massachusetts",27,544,300,62,313,127,120,321,72,297
G250001029020,2006-2010,,,Massachusetts,25,Barnstable County,1,Harwich town,29020,,,,,,,,,,,,,,,,,,,,,,,,,,,"Harwich town, Barnstable County, Massachusetts",12291,11696,54,0,151,0,212,178,63,115,"Harwich town, Barnstable County, Massachusetts",19,253,80,127,135,127,174,131,65,111
G250001039100,2006-2010,,,Massachusetts,25,Barnstable County,1,Mashpee town,39100,,,,,,,,,,,,,,,,,,,,,,,,,,,"Mashpee town, Barnstable County, Massachusetts",13850,12981,118,313,81,0,91,266,16,250,"Mashpee town, Barnstable County, Massachusetts",22,291,67,237,69,127,84,153,26,160
G250001051440,2006-2010,,,Massachusetts,25,Barnstable County,1,Orleans town,51440,,,,,,,,,,,,,,,,,,,,,,,,,,,"Orleans town, Barnstable County, Massachusetts",5981,5878,0,0,75,0,28,0,0,0,"Orleans town, Barnstable County, Massachusetts",23,83,127,127,73,127,40,127,127,127
G250001055500,2006-2010,,,Massachusetts,25,Barnstable County,1,Provincetown town,55500,,,,,,,,,,,,,,,,,,,,,,,,,,,"Provincetown town, Barnstable County, Massachusetts",3039,2957,25,0,0,0,0,57,0,57,"Provincetown town, Barnstable County, Massachusetts",19,86,39,127,127,127,127,77,127,77
G250001059735,2006-2010,,,Massachusetts,25,Barnstable County,1,Sandwich town,59735,,,,,,,,,,,,,,,,,,,,,,,,,,,"Sandwich town, Barnstable County, Massachusetts",20628,19902,183,9,152,16,235,131,0,131,"Sandwich town, Barnstable County, Massachusetts",24,316,117,15,117,28,163,126,127,126
G250001070605,2006-2010,,,Massachusetts,25,Barnstable County,1,Truro town,70605,,,,,,,,,,,,,,,,,,,,,,,,,,,"Truro town, Barnstable County, Massachusetts",1831,1813,0,18,0,0,0,0,0,0,"Truro town, Barnstable County, Massachusetts",251,257,127,31,127,127,127,127,127,127
G250001074385,2006-2010,,,Massachusetts,25,Barnstable County,1,Wellfleet town,74385,,,,,,,,,,,,,,,,,,,,,,,,,,,"Wellfleet town, Barnstable County, Massachusetts",2946,2881,0,0,0,0,14,51,0,51,"Wellfleet town, Barnstable County, Massachusetts",251,247,127,127,127,127,23,54,127,54
G250001082525,2006-2010,,,Massachusetts,25,Barnstable County,1,Yarmouth town,82525,,,,,,,,,,,,,,,,,,,,,,,,,,,"Yarmouth town, Barnstable County, Massachusetts",24040,22649,389,54,177,0,221,550,53,497,"Yarmouth town, Barnstable County, Massachusetts",30,429,184,73,103,127,182,225,65,211
G250003000555,2006-2010,,,Massachusetts,25,Berkshire County,3,Adams town,555,,,,,,,,,,,,,,,,,,,,,,,,,,,"Adams town, Berkshire County, Massachusetts",8517,8162,54,29,79,0,13,180,0,180,"Adams town, Berkshire County, Massachusetts",19,160,51,24,68,127,19,116,127,116
G250003000975,2006-2010,,,Massachusetts,25,Berkshire County,3,Alford town,975,,,,,,,,,,,,,,,,,,,,,,,,,,,"Alford town, Berkshire County, Massachusetts",432,424,2,0,3,0,0,3,0,3,"Alford town, Berkshire County, Massachusetts",60,59,3,127,4,127,127,4,127,4
G250003004545,2006-2010,,,Massachusetts,25,Berkshire County,3,Becket town,4545,,,,,,,,,,,,,,,,,,,,,,,,,,,"Becket town, Berkshire County, Massachusetts",1602,1544,0,0,40,0,0,18,0,18,"Becket town, Berkshire County, Massachusetts",205,198,127,127,51,127,127,33,127,33
G250003013345,2006-2010,,,Massachusetts,25,Berkshire County,3,Cheshire town,13345,,,,,,,,,,,,,,,,,,,,,,,,,,,"Cheshire town, Berkshire County, Massachusetts",3255,3221,0,0,0,0,0,34,0,34,"Cheshire town, Berkshire County, Massachusetts",15,49,127,127,127,127,127,45,127,45
G250003014010,2006-2010,,,Massachusetts,25,Berkshire County,3,Clarksburg town,14010,,,,,,,,,,,,,,,,,,,,,,,,,,,"Clarksburg town, Berkshire County, Massachusetts",1886,1879,0,7,0,0,0,0,0,0,"Clarksburg town, Berkshire County, Massachusetts",140,140,127,12,127,127,127,127,127,127
G250003016180,2006-2010,,,Massachusetts,25,Berkshire County,3,Dalton town,16180,,,,,,,,,,,,,,,,,,,,,,,,,,,"Dalton town, Berkshire County, Massachusetts",6761,6584,80,0,79,0,11,7,0,7,"Dalton town, Berkshire County, Massachusetts",20,126,86,127,93,127,18,11,127,11
G250003021360,2006-2010,,,Massachusetts,25,Berkshire County,3,Egremont town,21360,,,,,,,,,,,,,,,,,,,,,,,,,,,"Egremont town, Berkshire County, Massachusetts",1210,1178,5,7,12,0,0,8,5,3,"Egremont town, Berkshire County, Massachusetts",125,126,9,10,14,127,127,6,6,5
G250003024120,2006-2010,,,Massachusetts,25,Berkshire County,3,Florida town,24120,,,,,,,,,,,,,,,,,,,,,,,,,,,"Florida town, Berkshire County, Massachusetts",766,713,45,0,0,0,0,8,0,8,"Florida town, Berkshire County, Massachusetts",108,92,44,127,127,127,127,11,127,11
G250003026815,2006-2010,,,Massachusetts,25,Berkshire County,3,Great Barrington town,26815,,,,,,,,,,,,,,,,,,,,,,,,,,,"Great Barrington town, Berkshire County, Massachusetts",7160,6370,272,0,138,0,158,222,52,170,"Great Barrington town, Berkshire County, Massachusetts",29,329,162,127,148,127,212,172,61,176
G250003028180,2006-2010,,,Massachusetts,25,Berkshire County,3,Hancock town,28180,,,,,,,,,,,,,,,,,,,,,,,,,,,"Hancock town, Berkshire County, Massachusetts",718,713,0,0,0,0,0,5,0,5,"Hancock town, Berkshire County, Massachusetts",127,125,127,127,127,127,127,7,127,7
G250003030315,2006-2010,,,Massachusetts,25,Berkshire County,3,Hinsdale town,30315,,,,,,,,,,,,,,,,,,,,,,,,,,,"Hinsdale town, Berkshire County, Massachusetts",2228,2149,9,11,16,0,0,43,0,43,"Hinsdale town, Berkshire County, Massachusetts",188,193,12,14,19,127,127,38,127,38
G250003034340,2006-2010,,,Massachusetts,25,Berkshire County,3,Lanesborough town,34340,,,,,,,,,,,,,,,,,,,,,,,,,,,"Lanesborough town, Berkshire County, Massachusetts",3072,2959,46,0,31,0,36,0,0,0,"Lanesborough town, Berkshire County, Massachusetts",20,111,72,127,56,127,55,127,127,127
G250003034655,2006-2010,,,Massachusetts,25,Berkshire County,3,Lee town,34655,,,,,,,,,,,,,,,,,,,,,,,,,,,"Lee town, Berkshire County, Massachusetts",5934,5789,0,0,57,0,88,0,0,0,"Lee town, Berkshire County, Massachusetts",17,152,127,127,91,127,130,127,127,127
G250003034970,2006-2010,,,Massachusetts,25,Berkshire County,3,Lenox town,34970,,,,,,,,,,,,,,,,,,,,,,,,,,,"Lenox town, Berkshire County, Massachusetts",5022,4887,62,0,73,0,0,0,0,0,"Lenox town, Berkshire County, Massachusetts",15,93,52,127,77,127,127,127,127,127
G250003042460,2006-2010,,,Massachusetts,25,Berkshire County,3,Monterey town,42460,,,,,,,,,,,,,,,,,,,,,,,,,,,"Monterey town, Berkshire County, Massachusetts",773,753,20,0,0,0,0,0,0,0,"Monterey town, Berkshire County, Massachusetts",240,239,27,127,127,127,127,127,127,127
G250003043300,2006-2010,,,Massachusetts,25,Berkshire County,3,Mount Washington town,43300,,,,,,,,,,,,,,,,,,,,,,,,,,,"Mount Washington town, Berkshire County, Massachusetts",133,130,0,0,0,0,0,3,0,3,"Mount Washington town, Berkshire County, Massachusetts",38,37,127,127,127,127,127,4,127,4
G250003044385,2006-2010,,,Massachusetts,25,Berkshire County,3,New Ashford town,44385,,,,,,,,,,,,,,,,,,,,,,,,,,,"New Ashford town, Berkshire County, Massachusetts",234,232,0,0,2,0,0,0,0,0,"New Ashford town, Berkshire County, Massachusetts",54,54,127,127,4,127,127,127,127,127
G250003045420,2006-2010,,,Massachusetts,25,Berkshire County,3,New Marlborough town,45420,,,,,,,,,,,,,,,,,,,,,,,,,,,"New Marlborough town, Berkshire County, Massachusetts",1598,1577,12,0,0,0,0,9,4,5,"New Marlborough town, Berkshire County, Massachusetts",206,200,21,127,127,127,127,11,7,8
G250003046225,2006-2010,,,Massachusetts,25,Berkshire County,3,North Adams city,46225,,,,,,,,,,,,,,,,,,,,,,,,,,,"North Adams city, Berkshire County, Massachusetts",13851,12706,399,85,82,27,137,415,101,314,"North Adams city, Berkshire County, Massachusetts",26,304,215,59,65,30,97,174,68,154
G250003051580,2006-2010,,,Massachusetts,25,Berkshire County,3,Otis town,51580,,,,,,,,,,,,,,,,,,,,,,,,,,,"Otis town, Berkshire County, Massachusetts",1177,1138,0,2,9,0,8,20,6,14,"Otis town, Berkshire County, Massachusetts",157,160,127,3,12,127,12,18,8,16
G250003053050,2006-2010,,,Massachusetts,25,Berkshire County,3,Peru town,53050,,,,,,,,,,,,,,,,,,,,,,,,,,,"Peru town, Berkshire County, Massachusetts",816,797,6,0,8,0,0,5,0,5,"Peru town, Berkshire County, Massachusetts",128,129,9,127,12,127,127,9,127,9
G250003053960,2006-2010,,,Massachusetts,25,Berkshire County,3,Pittsfield city,53960,,,,,,,,,,,,,,,,,,,,,,,,,,,"Pittsfield city, Berkshire County, Massachusetts",44788,40316,2323,98,327,22,378,1324,290,1034,"Pittsfield city, Berkshire County, Massachusetts",34,431,377,60,157,35,166,309,166,314
G250003056795,2006-2010,,,Massachusetts,25,Berkshire County,3,Richmond town,56795,,,,,,,,,,,,,,,,,,,,,,,,,,,"Richmond town, Berkshire County, Massachusetts",1710,1691,0,9,0,0,3,7,0,7,"Richmond town, Berkshire County, Massachusetts",149,146,127,14,127,127,5,10,127,10
G250003059665,2006-2010,,,Massachusetts,25,Berkshire County,3,Sandisfield town,59665,,,,,,,,,,,,,,,,,,,,,,,,,,,"Sandisfield town, Berkshire County, Massachusetts",831,781,0,0,18,0,10,22,0,22,"Sandisfield town, Berkshire County, Massachusetts",114,113,127,127,16,127,11,23,127,23
G250003060225,2006-2010,,,Massachusetts,25,Berkshire County,3,Savoy town,60225,,,,,,,,,,,,,,,,,,,,,,,,,,,"Savoy town, Berkshire County, Massachusetts",747,737,0,0,0,0,0,10,10,0,"Savoy town, Berkshire County, Massachusetts",109,107,127,127,127,127,127,12,12,127
G250003061065,2006-2010,,,Massachusetts,25,Berkshire County,3,Sheffield town,61065,,,,,,,,,,,,,,,,,,,,,,,,,,,"Sheffield town, Berkshire County, Massachusetts",3261,3148,0,0,46,0,36,31,0,31,"Sheffield town, Berkshire County, Massachusetts",16,68,127,127,40,127,42,37,127,37
G250003067595,2006-2010,,,Massachusetts,25,Berkshire County,3,Stockbridge town,67595,,,,,,,,,,,,,,,,,,,,,,,,,,,"Stockbridge town, Berkshire County, Massachusetts",1671,1558,32,0,58,0,23,0,0,0,"Stockbridge town, Berkshire County, Massachusetts",302,285,46,127,92,127,39,127,127,127
G250003071095,2006-2010,,,Massachusetts,25,Berkshire County,3,Tyringham town,71095,,,,,,,,,,,,,,,,,,,,,,,,,,,"Tyringham town, Berkshire County, Massachusetts",408,408,0,0,0,0,0,0,0,0,"Tyringham town, Berkshire County, Massachusetts",81,81,127,127,127,127,127,127,127,127
G250003073335,2006-2010,,,Massachusetts,25,Berkshire County,3,Washington town,73335,,,,,,,,,,,,,,,,,,,,,,,,,,,"Washington town, Berkshire County, Massachusetts",593,573,0,0,0,0,3,17,2,15,"Washington town, Berkshire County, Massachusetts",105,109,127,127,127,127,4,25,3,25
G250003077990,2006-2010,,,Massachusetts,25,Berkshire County,3,West Stockbridge town,77990,,,,,,,,,,,,,,,,,,,,,,,,,,,"West Stockbridge town, Berkshire County, Massachusetts",1525,1473,8,0,0,0,0,44,0,44,"West Stockbridge town, Berkshire County, Massachusetts",164,135,12,127,127,127,127,67,127,67
G250003079985,2006-2010,,,Massachusetts,25,Berkshire County,3,Williamstown town,79985,,,,,,,,,,,,,,,,,,,,,,,,,,,"Williamstown town, Berkshire County, Massachusetts",7879,7078,160,0,461,0,57,123,0,123,"Williamstown town, Berkshire County, Massachusetts",26,251,112,127,167,127,73,105,127,105
G250003080685,2006-2010,,,Massachusetts,25,Berkshire County,3,Windsor town,80685,,,,,,,,,,,,,,,,,,,,,,,,,,,"Windsor town, Berkshire County, Massachusetts",970,970,0,0,0,0,0,0,0,0,"Windsor town, Berkshire County, Massachusetts",133,133,127,127,127,127,127,127,127,127
G250005000000,2006-2010,,,Massachusetts,25,Bristol County,5,County subdivisions not defined,0,,,,,,,,,,,,,,,,,,,,,,,,,,,"County subdivisions not defined, Bristol County, Massachusetts",0,0,0,0,0,0,0,0,0,0,"County subdivisions not defined, Bristol County, Massachusetts",127,127,127,127,127,127,127,127,127,127
G250005000520,2006-2010,,,Massachusetts,25,Bristol County,5,Acushnet town,520,,,,,,,,,,,,,,,,,,,,,,,,,,,"Acushnet town, Bristol County, Massachusetts",10288,9918,33,27,64,0,112,134,30,104,"Acushnet town, Bristol County, Massachusetts",28,216,36,45,74,127,115,142,48,132
G250005002690,2006-2010,,,Massachusetts,25,Bristol County,5,Attleboro city,2690,,,,,,,,,,,,,,,,,,,,,,,,,,,"Attleboro city, Bristol County, Massachusetts",43355,38474,1168,43,2173,100,761,636,60,576,"Attleboro city, Bristol County, Massachusetts",36,763,513,58,568,157,315,246,54,237
G250005005280,2006-2010,,,Massachusetts,25,Bristol County,5,Berkley town,5280,,,,,,,,,,,,,,,,,,,,,,,,,,,"Berkley town, Bristol County, Massachusetts",6306,6137,51,0,10,0,18,90,54,36,"Berkley town, Bristol County, Massachusetts",43,153,65,127,16,127,29,94,82,44
G250005016425,2006-2010,,,Massachusetts,25,Bristol County,5,Dartmouth town,16425,,,,,,,,,,,,,,,,,,,,,,,,,,,"Dartmouth town, Bristol County, Massachusetts",33517,31364,389,0,642,0,545,577,172,405,"Dartmouth town, Bristol County, Massachusetts",26,454,143,127,278,127,235,265,123,210
G250005016950,2006-2010,,,Massachusetts,25,Bristol County,5,Dighton town,16950,,,,,,,,,,,,,,,,,,,,,,,,,,,"Dighton town, Bristol County, Massachusetts",6923,6826,0,33,34,0,0,30,0,30,"Dighton town, Bristol County, Massachusetts",15,116,127,56,56,127,127,38,127,38
G250005020100,2006-2010,,,Massachusetts,25,Bristol County,5,Easton town,20100,,,,,,,,,,,,,,,,,,,,,,,,,,,"Easton town, Bristol County, Massachusetts",23016,21573,609,0,322,0,234,278,76,202,"Easton town, Bristol County, Massachusetts",24,413,319,127,196,127,139,164,55,155
G250005022130,2006-2010,,,Massachusetts,25,Bristol County,5,Fairhaven town,22130,,,,,,,,,,,,,,,,,,,,,,,,,,,"Fairhaven town, Bristol County, Massachusetts",15934,15403,77,12,94,0,93,255,34,221,"Fairhaven town, Bristol County, Massachusetts",23,171,82,23,98,127,79,137,43,125
G250005023000,2006-2010,,,Massachusetts,25,Bristol County,5,Fall River city,23000,,,,,,,,,,,,,,,,,,,,,,,,,,,"Fall River city, Bristol County, Massachusetts",89482,79920,2337,158,2189,0,2642,2236,237,1999,"Fall River city, Bristol County, Massachusetts",48,1033,572,101,609,127,581,462,127,440
G250005025240,2006-2010,,,Massachusetts,25,Bristol County,5,Freetown town,25240,,,,,,,,,,,,,,,,,,,,,,,,,,,"Freetown town, Bristol County, Massachusetts",8796,8462,173,18,0,0,108,35,0,35,"Freetown town, Bristol County, Massachusetts",44,211,178,28,127,127,94,55,127,55
G250005038225,2006-2010,,,Massachusetts,25,Bristol County,5,Mansfield town,38225,,,,,,,,,,,,,,,,,,,,,,,,,,,"Mansfield town, Bristol County, Massachusetts",23051,21040,680,8,992,0,54,277,11,266,"Mansfield town, Bristol County, Massachusetts",53,522,365,13,348,127,45,187,17,186
G250005045000,2006-2010,,,Massachusetts,25,Bristol County,5,New Bedford city,45000,,,,,,,,,,,,,,,,,,,,,,,,,,,"New Bedford city, Bristol County, Massachusetts",94945,74378,7303,291,1077,36,8083,3777,1752,2025,"New Bedford city, Bristol County, Massachusetts",42,1335,976,132,385,45,1025,541,338,389
G250005046575,2006-2010,,,Massachusetts,25,Bristol County,5,North Attleborough town,46575,,,,,,,,,,,,,,,,,,,,,,,,,,,"North Attleborough town, Bristol County, Massachusetts",28483,26979,230,0,675,0,335,264,0,264,"North Attleborough town, Bristol County, Massachusetts",37,474,148,127,335,127,296,130,127,130
G250005049970,2006-2010,,,Massachusetts,25,Bristol County,5,Norton town,49970,,,,,,,,,,,,,,,,,,,,,,,,,,,"Norton town, Bristol County, Massachusetts",18880,17443,754,9,316,0,31,327,50,277,"Norton town, Bristol County, Massachusetts",55,534,498,15,205,127,34,185,41,176
G250005056060,2006-2010,,,Massachusetts,25,Bristol County,5,Raynham town,56060,,,,,,,,,,,,,,,,,,,,,,,,,,,"Raynham town, Bristol County, Massachusetts",13085,12295,304,0,63,0,151,272,93,179,"Raynham town, Bristol County, Massachusetts",25,371,277,127,62,127,114,173,135,115
G250005056375,2006-2010,,,Massachusetts,25,Bristol County,5,Rehoboth town,56375,,,,,,,,,,,,,,,,,,,,,,,,,,,"Rehoboth town, Bristol County, Massachusetts",11349,11013,28,0,113,0,22,173,17,156,"Rehoboth town, Bristol County, Massachusetts",21,174,44,127,102,127,36,125,20,125
G250005060645,2006-2010,,,Massachusetts,25,Bristol County,5,Seekonk town,60645,,,,,,,,,,,,,,,,,,,,,,,,,,,"Seekonk town, Bristol County, Massachusetts",13686,12949,231,0,99,0,98,309,149,160,"Seekonk town, Bristol County, Massachusetts",24,327,149,127,84,127,113,225,185,127
G250005062430,2006-2010,,,Massachusetts,25,Bristol County,5,Somerset town,62430,,,,,,,,,,,,,,,,,,,,,,,,,,,"Somerset town, Bristol County, Massachusetts",18185,17451,162,0,204,0,112,256,10,246,"Somerset town, Bristol County, Massachusetts",23,303,159,127,122,127,79,159,17,158
G250005068750,2006-2010,,,Massachusetts,25,Bristol County,5,Swansea town,68750,,,,,,,,,,,,,,,,,,,,,,,,,,,"Swansea town, Bristol County, Massachusetts",15900,15271,76,0,159,0,56,338,68,270,"Swansea town, Bristol County, Massachusetts",20,327,65,127,154,127,70,259,84,260
G250005069170,2006-2010,,,Massachusetts,25,Bristol County,5,Taunton city,69170,,,,,,,,,,,,,,,,,,,,,,,,,,,"Taunton city, Bristol County, Massachusetts",55954,49085,3539,283,612,0,1481,954,147,807,"Taunton city, Bristol County, Massachusetts",28,1009,779,162,352,127,521,312,137,273
G250005077570,2006-2010,,,Massachusetts,25,Bristol County,5,Westport town,77570,,,,,,,,,,,,,,,,,,,,,,,,,,,"Westport town, Bristol County, Massachusetts",15298,14856,125,0,98,0,23,196,0,196,"Westport town, Bristol County, Massachusetts",19,218,115,127,67,127,31,119,127,119
G250007001585,2006-2010,,,Massachusetts,25,Dukes County,7,Aquinnah town,1585,,,,,,,,,,,,,,,,,,,,,,,,,,,"Aquinnah town, Dukes County, Massachusetts",404,134,3,239,0,0,0,28,0,28,"Aquinnah town, Dukes County, Massachusetts",144,41,5,131,127,127,127,26,127,26
G250007013800,2006-2010,,,Massachusetts,25,Dukes County,7,Chilmark town,13800,,,,,,,,,,,,,,,,,,,,,,,,,,,"Chilmark town, Dukes County, Massachusetts",1014,979,18,0,0,0,5,12,8,4,"Chilmark town, Dukes County, Massachusetts",234,230,25,127,127,127,8,13,11,7
G250007021150,2006-2010,,,Massachusetts,25,Dukes County,7,Edgartown town,21150,,,,,,,,,,,,,,,,,,,,,,,,,,,"Edgartown town, Dukes County, Massachusetts",3984,3948,0,0,12,0,0,24,0,24,"Edgartown town, Dukes County, Massachusetts",20,56,127,127,19,127,127,37,127,37
G250007026325,2006-2010,,,Massachusetts,25,Dukes County,7,Gosnold town,26325,,,,,,,,,,,,,,,,,,,,,,,,,,,"Gosnold town, Dukes County, Massachusetts",198,194,4,0,0,0,0,0,0,0,"Gosnold town, Dukes County, Massachusetts",77,78,7,127,127,127,127,127,127,127
G250007050390,2006-2010,,,Massachusetts,25,Dukes County,7,Oak Bluffs town,50390,,,,,,,,,,,,,,,,,,,,,,,,,,,"Oak Bluffs town, Dukes County, Massachusetts",4364,3392,424,0,43,0,357,148,0,148,"Oak Bluffs town, Dukes County, Massachusetts",17,425,364,127,51,127,248,134,127,134
G250007069940,2006-2010,,,Massachusetts,25,Dukes County,7,Tisbury town,69940,,,,,,,,,,,,,,,,,,,,,,,,,,,"Tisbury town, Dukes County, Massachusetts",3886,3300,67,45,0,0,446,28,0,28,"Tisbury town, Dukes County, Massachusetts",26,584,73,51,127,127,617,33,127,33
G250007078235,2006-2010,,,Massachusetts,25,Dukes County,7,West Tisbury town,78235,,,,,,,,,,,,,,,,,,,,,,,,,,,"West Tisbury town, Dukes County, Massachusetts",2305,2204,43,0,0,0,37,21,0,21,"West Tisbury town, Dukes County, Massachusetts",282,286,63,127,127,127,47,22,127,22
G250009000000,2006-2010,,,Massachusetts,25,Essex County,9,County subdivisions not defined,0,,,,,,,,,,,,,,,,,,,,,,,,,,,"County subdivisions not defined, Essex County, Massachusetts",0,0,0,0,0,0,0,0,0,0,"County subdivisions not defined, Essex County, Massachusetts",127,127,127,127,127,127,127,127,127,127
G250009001260,2006-2010,,,Massachusetts,25,Essex County,9,Amesbury Town city,1260,,,,,,,,,,,,,,,,,,,,,,,,,,,"Amesbury Town city, Essex County, Massachusetts",16225,15663,67,0,100,0,133,262,27,235,"Amesbury Town city, Essex County, Massachusetts",18,198,39,127,110,127,99,131,31,127
G250009001465,2006-2010,,,Massachusetts,25,Essex County,9,Andover town,1465,,,,,,,,,,,,,,,,,,,,,,,,,,,"Andover town, Essex County, Massachusetts",32698,28392,333,30,3005,54,347,537,78,459,"Andover town, Essex County, Massachusetts",40,566,192,36,400,79,188,216,83,209
G250009005595,2006-2010,,,Massachusetts,25,Essex County,9,Beverly city,5595,,,,,,,,,,,,,,,,,,,,,,,,,,,"Beverly city, Essex County, Massachusetts",39351,36687,1289,26,656,42,186,465,63,402,"Beverly city, Essex County, Massachusetts",29,576,541,40,317,53,135,199,64,203
G250009007420,2006-2010,,,Massachusetts,25,Essex County,9,Boxford town,7420,,,,,,,,,,,,,,,,,,,,,,,,,,,"Boxford town, Essex County, Massachusetts",7917,7643,0,0,130,0,10,134,17,117,"Boxford town, Essex County, Massachusetts",32,198,127,127,112,127,17,111,28,107
G250009016250,2006-2010,,,Massachusetts,25,Essex County,9,Danvers town,16250,,,,,,,,,,,,,,,,,,,,,,,,,,,"Danvers town, Essex County, Massachusetts",26113,25372,68,14,356,0,206,97,34,63,"Danvers town, Essex County, Massachusetts",22,308,72,23,258,127,158,85,39,68
G250009021850,2006-2010,,,Massachusetts,25,Essex County,9,Essex town,21850,,,,,,,,,,,,,,,,,,,,,,,,,,,"Essex town, Essex County, Massachusetts",3445,3406,11,0,0,0,22,6,0,6,"Essex town, Essex County, Massachusetts",14,57,18,127,127,127,35,11,127,11
G250009025625,2006-2010,,,Massachusetts,25,Essex County,9,Georgetown town,25625,,,,,,,,,,,,,,,,,,,,,,,,,,,"Georgetown town, Essex County, Massachusetts",7995,7900,30,11,11,0,10,33,0,33,"Georgetown town, Essex County, Massachusetts",18,103,46,17,18,127,16,50,127,50
G250009026150,2006-2010,,,Massachusetts,25,Essex County,9,Gloucester city,26150,,,,,,,,,,,,,,,,,,,,,,,,,,,"Gloucester city, Essex County, Massachusetts",28893,27946,151,67,227,0,191,311,0,311,"Gloucester city, Essex County, Massachusetts",26,284,99,70,142,127,146,167,127,167
G250009027620,2006-2010,,,Massachusetts,25,Essex County,9,Groveland town,27620,,,,,,,,,,,,,,,,,,,,,,,,,,,"Groveland town, Essex County, Massachusetts",6350,6297,0,0,53,0,0,0,0,0,"Groveland town, Essex County, Massachusetts",17,45,127,127,41,127,127,127,127,127
G250009027900,2006-2010,,,Massachusetts,25,Essex County,9,Hamilton town,27900,,,,,,,,,,,,,,,,,,,,,,,,,,,"Hamilton town, Essex County, Massachusetts",7825,6758,16,34,733,98,35,151,16,135,"Hamilton town, Essex County, Massachusetts",28,430,19,58,381,112,55,118,28,117
G250009029405,2006-2010,,,Massachusetts,25,Essex County,9,Haverhill city,29405,,,,,,,,,,,,,,,,,,,,,,,,,,,"Haverhill city, Essex County, Massachusetts",60203,49107,2448,177,1436,0,5876,1159,336,823,"Haverhill city, Essex County, Massachusetts",43,1302,683,120,424,127,963,352,198,286
G250009032310,2006-2010,,,Massachusetts,25,Essex County,9,Ipswich town,32310,,,,,,,,,,,,,,,,,,,,,,,,,,,"Ipswich town, Essex County, Massachusetts",13074,12805,24,9,139,0,12,85,10,75,"Ipswich town, Essex County, Massachusetts",24,120,38,14,87,127,19,53,17,49
G250009034550,2006-2010,,,Massachusetts,25,Essex County,9,Lawrence city,34550,,,,,,,,,,,,,,,,,,,,,,,,,,,"Lawrence city, Essex County, Massachusetts",75177,23632,2301,186,2671,101,43814,2472,1254,1218,"Lawrence city, Essex County, Massachusetts",61,1594,569,113,621,140,1663,536,319,382
G250009037490,2006-2010,,,Massachusetts,25,Essex County,9,Lynn city,37490,,,,,,,,,,,,,,,,,,,,,,,,,,,"Lynn city, Essex County, Massachusetts",89625,61036,12055,98,5059,0,7485,3892,480,3412,"Lynn city, Essex County, Massachusetts",72,1598,1153,71,780,127,1197,819,192,795
G250009037560,2006-2010,,,Massachusetts,25,Essex County,9,Lynnfield town,37560,,,,,,,,,,,,,,,,,,,,,,,,,,,"Lynnfield town, Essex County, Massachusetts",11487,11011,0,8,364,18,0,86,0,86,"Lynnfield town, Essex County, Massachusetts",25,200,127,13,189,30,127,76,127,76
G250009037995,2006-2010,,,Massachusetts,25,Essex County,9,Manchester-by-the-Sea town,37995,,,,,,,,,,,,,,,,,,,,,,,,,,,"Manchester-by-the-Sea town, Essex County, Massachusetts",5129,5051,0,0,0,0,21,57,45,12,"Manchester-by-the-Sea town, Essex County, Massachusetts",31,108,127,127,127,127,33,75,72,19
G250009038400,2006-2010,,,Massachusetts,25,Essex County,9,Marblehead town,38400,,,,,,,,,,,,,,,,,,,,,,,,,,,"Marblehead town, Essex County, Massachusetts",19797,19215,90,44,222,0,70,156,0,156,"Marblehead town, Essex County, Massachusetts",22,210,105,58,102,127,68,100,127,100
G250009040430,2006-2010,,,Massachusetts,25,Essex County,9,Merrimac town,40430,,,,,,,,,,,,,,,,,,,,,,,,,,,"Merrimac town, Essex County, Massachusetts",6264,6092,59,0,78,0,0,35,0,35,"Merrimac town, Essex County, Massachusetts",18,124,54,127,106,127,127,33,127,33
G250009040710,2006-2010,,,Massachusetts,25,Essex County,9,Methuen Town city,40710,,,,,,,,,,,,,,,,,,,,,,,,,,,"Methuen Town city, Essex County, Massachusetts",46393,36882,912,25,2033,35,5508,998,564,434,"Methuen Town city, Essex County, Massachusetts",49,903,344,29,577,58,802,424,384,224
G250009041095,2006-2010,,,Massachusetts,25,Essex County,9,Middleton town,41095,,,,,,,,,,,,,,,,,,,,,,,,,,,"Middleton town, Essex County, Massachusetts",8717,7814,74,31,274,0,438,86,0,86,"Middleton town, Essex County, Massachusetts",25,279,40,36,146,127,159,99,127,99
G250009043580,2006-2010,,,Massachusetts,25,Essex County,9,Nahant town,43580,,,,,,,,,,,,,,,,,,,,,,,,,,,"Nahant town, Essex County, Massachusetts",3431,3210,119,0,58,0,34,10,0,10,"Nahant town, Essex County, Massachusetts",15,153,136,127,78,127,31,17,127,17
G250009045175,2006-2010,,,Massachusetts,25,Essex County,9,Newbury town,45175,,,,,,,,,,,,,,,,,,,,,,,,,,,"Newbury town, Essex County, Massachusetts",6643,6483,90,0,31,0,21,18,0,18,"Newbury town, Essex County, Massachusetts",28,121,108,127,37,127,34,29,127,29
G250009045245,2006-2010,,,Massachusetts,25,Essex County,9,Newburyport city,45245,,,,,,,,,,,,,,,,,,,,,,,,,,,"Newburyport city, Essex County, Massachusetts",17288,16547,84,25,246,0,114,272,100,172,"Newburyport city, Essex County, Massachusetts",24,280,55,30,193,127,81,168,104,124
G250009046365,2006-2010,,,Massachusetts,25,Essex County,9,North Andover town,46365,,,,,,,,,,,,,,,,,,,,,,,,,,,"North Andover town, Essex County, Massachusetts",27965,25278,302,70,1423,0,611,281,6,275,"North Andover town, Essex County, Massachusetts",24,536,262,63,282,127,302,145,13,145
G250009052490,2006-2010,,,Massachusetts,25,Essex County,9,Peabody city,52490,,,,,,,,,,,,,,,,,,,,,,,,,,,"Peabody city, Essex County, Massachusetts",50455,46322,772,6,1295,0,1552,508,54,454,"Peabody city, Essex County, Massachusetts",30,847,311,10,416,127,640,270,51,251
G250009057880,2006-2010,,,Massachusetts,25,Essex County,9,Rockport town,57880,,,,,,,,,,,,,,,,,,,,,,,,,,,"Rockport town, Essex County, Massachusetts",7053,6910,0,19,38,0,35,51,6,45,"Rockport town, Essex County, Massachusetts",28,88,127,21,47,127,41,50,19,44
G250009058405,2006-2010,,,Massachusetts,25,Essex County,9,Rowley town,58405,,,,,,,,,,,,,,,,,,,,,,,,,,,"Rowley town, Essex County, Massachusetts",5757,5747,0,0,10,0,0,0,0,0,"Rowley town, Essex County, Massachusetts",19,27,127,127,18,127,127,127,127,127
G250009059105,2006-2010,,,Massachusetts,25,Essex County,9,Salem city,59105,,,,,,,,,,,,,,,,,,,,,,,,,,,"Salem city, Essex County, Massachusetts",40964,33959,2435,110,1146,0,2311,1003,196,807,"Salem city, Essex County, Massachusetts",38,871,662,100,376,127,542,397,137,366
G250009059245,2006-2010,,,Massachusetts,25,Essex County,9,Salisbury town,59245,,,,,,,,,,,,,,,,,,,,,,,,,,,"Salisbury town, Essex County, Massachusetts",8157,8022,49,11,0,0,27,48,0,48,"Salisbury town, Essex County, Massachusetts",18,96,44,17,127,127,46,57,127,57
G250009060015,2006-2010,,,Massachusetts,25,Essex County,9,Saugus town,60015,,,,,,,,,,,,,,,,,,,,,,,,,,,"Saugus town, Essex County, Massachusetts",26392,24325,476,29,806,0,245,511,40,471,"Saugus town, Essex County, Massachusetts",26,564,208,37,285,127,177,270,44,265
G250009068645,2006-2010,,,Massachusetts,25,Essex County,9,Swampscott town,68645,,,,,,,,,,,,,,,,,,,,,,,,,,,"Swampscott town, Essex County, Massachusetts",13819,13149,190,49,150,0,223,58,0,58,"Swampscott town, Essex County, Massachusetts",22,286,120,78,112,127,152,51,127,51
G250009070150,2006-2010,,,Massachusetts,25,Essex County,9,Topsfield town,70150,,,,,,,,,,,,,,,,,,,,,,,,,,,"Topsfield town, Essex County, Massachusetts",6057,5889,0,51,117,0,0,0,0,0,"Topsfield town, Essex County, Massachusetts",23,145,127,61,126,127,127,127,127,127
G250009074595,2006-2010,,,Massachusetts,25,Essex County,9,Wenham town,74595,,,,,,,,,,,,,,,,,,,,,,,,,,,"Wenham town, Essex County, Massachusetts",4794,4586,27,0,132,0,0,49,0,49,"Wenham town, Essex County, Massachusetts",28,133,44,127,105,127,127,38,127,38
G250009077150,2006-2010,,,Massachusetts,25,Essex County,9,West Newbury town,77150,,,,,,,,,,,,,,,,,,,,,,,,,,,"West Newbury town, Essex County, Massachusetts",4189,4189,0,0,0,0,0,0,0,0,"West Newbury town, Essex County, Massachusetts",21,21,127,127,127,127,127,127,127,127
G250011002095,2006-2010,,,Massachusetts,25,Franklin County,11,Ashfield town,2095,,,,,,,,,,,,,,,,,,,,,,,,,,,"Ashfield town, Franklin County, Massachusetts",1732,1685,20,0,4,0,0,23,0,23,"Ashfield town, Franklin County, Massachusetts",150,139,25,127,6,127,127,22,127,22
G250011005560,2006-2010,,,Massachusetts,25,Franklin County,11,Bernardston town,5560,,,,,,,,,,,,,,,,,,,,,,,,,,,"Bernardston town, Franklin County, Massachusetts",2241,2220,0,0,6,0,0,15,0,15,"Bernardston town, Franklin County, Massachusetts",180,179,127,127,10,127,127,21,127,21
G250011009595,2006-2010,,,Massachusetts,25,Franklin County,11,Buckland town,9595,,,,,,,,,,,,,,,,,,,,,,,,,,,"Buckland town, Franklin County, Massachusetts",2068,2036,17,0,10,0,5,0,0,0,"Buckland town, Franklin County, Massachusetts",258,261,20,127,12,127,9,127,127,127
G250011012505,2006-2010,,,Massachusetts,25,Franklin County,11,Charlemont town,12505,,,,,,,,,,,,,,,,,,,,,,,,,,,"Charlemont town, Franklin County, Massachusetts",1199,1141,21,3,15,0,8,11,0,11,"Charlemont town, Franklin County, Massachusetts",127,120,22,5,19,127,14,13,127,13
G250011014885,2006-2010,,,Massachusetts,25,Franklin County,11,Colrain town,14885,,,,,,,,,,,,,,,,,,,,,,,,,,,"Colrain town, Franklin County, Massachusetts",1811,1709,4,33,32,0,0,33,2,31,"Colrain town, Franklin County, Massachusetts",163,153,5,29,27,127,127,34,3,33
G250011015200,2006-2010,,,Massachusetts,25,Franklin County,11,Conway town,15200,,,,,,,,,,,,,,,,,,,,,,,,,,,"Conway town, Franklin County, Massachusetts",1917,1839,11,16,10,0,2,39,16,23,"Conway town, Franklin County, Massachusetts",148,144,16,24,11,127,4,34,22,24
G250011016670,2006-2010,,,Massachusetts,25,Franklin County,11,Deerfield town,16670,,,,,,,,,,,,,,,,,,,,,,,,,,,"Deerfield town, Franklin County, Massachusetts",5070,4936,13,0,57,0,0,64,0,64,"Deerfield town, Franklin County, Massachusetts",18,98,22,127,60,127,127,53,127,53
G250011021780,2006-2010,,,Massachusetts,25,Franklin County,11,Erving town,21780,,,,,,,,,,,,,,,,,,,,,,,,,,,"Erving town, Franklin County, Massachusetts",1822,1735,1,0,8,0,22,56,0,56,"Erving town, Franklin County, Massachusetts",180,181,2,127,11,127,19,26,127,26
G250011025730,2006-2010,,,Massachusetts,25,Franklin County,11,Gill town,25730,,,,,,,,,,,,,,,,,,,,,,,,,,,"Gill town, Franklin County, Massachusetts",1413,1381,5,13,0,0,0,14,0,14,"Gill town, Franklin County, Massachusetts",122,125,7,15,127,127,127,22,127,22
G250011027100,2006-2010,,,Massachusetts,25,Franklin County,11,Greenfield Town city,27100,,,,,,,,,,,,,,,,,,,,,,,,,,,"Greenfield Town city, Franklin County, Massachusetts",17610,16542,260,10,183,0,219,396,65,331,"Greenfield Town city, Franklin County, Massachusetts",25,247,124,18,137,127,110,131,63,119
G250011029475,2006-2010,,,Massachusetts,25,Franklin County,11,Hawley town,29475,,,,,,,,,,,,,,,,,,,,,,,,,,,"Hawley town, Franklin County, Massachusetts",354,354,0,0,0,0,0,0,0,0,"Hawley town, Franklin County, Massachusetts",84,84,127,127,127,127,127,127,127,127
G250011029650,2006-2010,,,Massachusetts,25,Franklin County,11,Heath town,29650,,,,,,,,,,,,,,,,,,,,,,,,,,,"Heath town, Franklin County, Massachusetts",438,436,0,0,2,0,0,0,0,0,"Heath town, Franklin County, Massachusetts",91,90,127,127,3,127,127,127,127,127
G250011035180,2006-2010,,,Massachusetts,25,Franklin County,11,Leverett town,35180,,,,,,,,,,,,,,,,,,,,,,,,,,,"Leverett town, Franklin County, Massachusetts",1803,1595,15,0,150,0,10,33,12,21,"Leverett town, Franklin County, Massachusetts",239,177,18,127,183,127,12,26,17,18
G250011035285,2006-2010,,,Massachusetts,25,Franklin County,11,Leyden town,35285,,,,,,,,,,,,,,,,,,,,,,,,,,,"Leyden town, Franklin County, Massachusetts",650,650,0,0,0,0,0,0,0,0,"Leyden town, Franklin County, Massachusetts",133,133,127,127,127,127,127,127,127,127
G250011042040,2006-2010,,,Massachusetts,25,Franklin County,11,Monroe town,42040,,,,,,,,,,,,,,,,,,,,,,,,,,,"Monroe town, Franklin County, Massachusetts",110,110,0,0,0,0,0,0,0,0,"Monroe town, Franklin County, Massachusetts",42,42,127,127,127,127,127,127,127,127
G250011042285,2006-2010,,,Massachusetts,25,Franklin County,11,Montague town,42285,,,,,,,,,,,,,,,,,,,,,,,,,,,"Montague town, Franklin County, Massachusetts",8454,7651,262,74,150,0,33,284,21,263,"Montague town, Franklin County, Massachusetts",22,225,148,86,106,127,56,125,33,120
G250011045490,2006-2010,,,Massachusetts,25,Franklin County,11,New Salem town,45490,,,,,,,,,,,,,,,,,,,,,,,,,,,"New Salem town, Franklin County, Massachusetts",931,895,22,0,3,0,11,0,0,0,"New Salem town, Franklin County, Massachusetts",136,134,23,127,5,127,17,127,127,127
G250011047835,2006-2010,,,Massachusetts,25,Franklin County,11,Northfield town,47835,,,,,,,,,,,,,,,,,,,,,,,,,,,"Northfield town, Franklin County, Massachusetts",3029,2996,0,0,0,0,33,0,0,0,"Northfield town, Franklin County, Massachusetts",23,62,127,127,127,127,55,127,127,127
G250011051265,2006-2010,,,Massachusetts,25,Franklin County,11,Orange town,51265,,,,,,,,,,,,,,,,,,,,,,,,,,,"Orange town, Franklin County, Massachusetts",7795,7564,87,16,0,0,18,110,59,51,"Orange town, Franklin County, Massachusetts",18,102,56,21,127,127,26,85,67,52
G250011058335,2006-2010,,,Massachusetts,25,Franklin County,11,Rowe town,58335,,,,,,,,,,,,,,,,,,,,,,,,,,,"Rowe town, Franklin County, Massachusetts",387,372,0,0,1,0,0,14,0,14,"Rowe town, Franklin County, Massachusetts",54,49,127,127,2,127,127,15,127,15
G250011061135,2006-2010,,,Massachusetts,25,Franklin County,11,Shelburne town,61135,,,,,,,,,,,,,,,,,,,,,,,,,,,"Shelburne town, Franklin County, Massachusetts",2035,1939,27,0,28,0,6,35,7,28,"Shelburne town, Franklin County, Massachusetts",264,276,31,127,26,127,10,47,11,45
G250011061905,2006-2010,,,Massachusetts,25,Franklin County,11,Shutesbury town,61905,,,,,,,,,,,,,,,,,,,,,,,,,,,"Shutesbury town, Franklin County, Massachusetts",1890,1752,11,0,33,0,0,94,0,94,"Shutesbury town, Franklin County, Massachusetts",187,178,16,127,25,127,127,68,127,68
G250011068400,2006-2010,,,Massachusetts,25,Franklin County,11,Sunderland town,68400,,,,,,,,,,,,,,,,,,,,,,,,,,,"Sunderland town, Franklin County, Massachusetts",3712,3323,0,15,177,0,125,72,0,72,"Sunderland town, Franklin County, Massachusetts",23,145,127,22,102,127,76,52,127,52
G250011073265,2006-2010,,,Massachusetts,25,Franklin County,11,Warwick town,73265,,,,,,,,,,,,,,,,,,,,,,,,,,,"Warwick town, Franklin County, Massachusetts",547,534,0,0,9,0,0,4,0,4,"Warwick town, Franklin County, Massachusetts",103,105,127,127,9,127,127,6,127,6
G250011074525,2006-2010,,,Massachusetts,25,Franklin County,11,Wendell town,74525,,,,,,,,,,,,,,,,,,,,,,,,,,,"Wendell town, Franklin County, Massachusetts",939,869,52,0,2,0,0,16,0,16,"Wendell town, Franklin County, Massachusetts",145,137,54,127,5,127,127,19,127,19
G250011079110,2006-2010,,,Massachusetts,25,Franklin County,11,Whately town,79110,,,,,,,,,,,,,,,,,,,,,,,,,,,"Whately town, Franklin County, Massachusetts",1566,1496,6,0,0,0,10,54,0,54,"Whately town, Franklin County, Massachusetts",207,193,9,127,127,127,23,41,127,41
G250013000840,2006-2010,,,Massachusetts,25,Hampden County,13,Agawam Town city,840,,,,,,,,,,,,,,,,,,,,,,,,,,,"Agawam Town city, Hampden County, Massachusetts",28383,26860,490,143,268,0,404,218,0,218,"Agawam Town city, Hampden County, Massachusetts",23,519,259,158,156,127,363,111,127,111
G250013006085,2006-2010,,,Massachusetts,25,Hampden County,13,Blandford town,6085,,,,,,,,,,,,,,,,,,,,,,,,,,,"Blandford town, Hampden County, Massachusetts",1184,1164,0,0,13,0,7,0,0,0,"Blandford town, Hampden County, Massachusetts",122,121,127,127,12,127,7,127,127,127
G250013008470,2006-2010,,,Massachusetts,25,Hampden County,13,Brimfield town,8470,,,,,,,,,,,,,,,,,,,,,,,,,,,"Brimfield town, Hampden County, Massachusetts",3557,3541,0,0,0,0,16,0,0,0,"Brimfield town, Hampden County, Massachusetts",13,29,127,127,127,127,24,127,127,127
G250013013485,2006-2010,,,Massachusetts,25,Hampden County,13,Chester town,13485,,,,,,,,,,,,,,,,,,,,,,,,,,,"Chester town, Hampden County, Massachusetts",1275,1268,0,0,0,0,0,7,3,4,"Chester town, Hampden County, Massachusetts",132,132,127,127,127,127,127,7,5,6
G250013013660,2006-2010,,,Massachusetts,25,Hampden County,13,Chicopee city,13660,,,,,,,,,,,,,,,,,,,,,,,,,,,"Chicopee city, Hampden County, Massachusetts",55165,47767,1888,66,817,0,3956,671,92,579,"Chicopee city, Hampden County, Massachusetts",32,1020,432,51,339,127,753,256,71,237
G250013019645,2006-2010,,,Massachusetts,25,Hampden County,13,East Longmeadow town,19645,,,,,,,,,,,,,,,,,,,,,,,,,,,"East Longmeadow town, Hampden County, Massachusetts",15446,14488,253,26,342,0,62,275,17,258,"East Longmeadow town, Hampden County, Massachusetts",26,299,159,29,206,127,64,175,19,175
G250013026675,2006-2010,,,Massachusetts,25,Hampden County,13,Granville town,26675,,,,,,,,,,,,,,,,,,,,,,,,,,,"Granville town, Hampden County, Massachusetts",1525,1479,0,8,10,0,7,21,0,21,"Granville town, Hampden County, Massachusetts",152,152,127,11,9,127,9,19,127,19
G250013028075,2006-2010,,,Massachusetts,25,Hampden County,13,Hampden town,28075,,,,,,,,,,,,,,,,,,,,,,,,,,,"Hampden town, Hampden County, Massachusetts",5126,5012,48,0,0,0,0,66,0,66,"Hampden town, Hampden County, Massachusetts",19,150,49,127,127,127,127,101,127,101
G250013030665,2006-2010,,,Massachusetts,25,Hampden County,13,Holland town,30665,,,,,,,,,,,,,,,,,,,,,,,,,,,"Holland town, Hampden County, Massachusetts",2644,2522,27,6,54,0,0,35,0,35,"Holland town, Hampden County, Massachusetts",231,222,32,9,59,127,127,30,127,30
G250013030840,2006-2010,,,Massachusetts,25,Hampden County,13,Holyoke city,30840,,,,,,,,,,,,,,,,,,,,,,,,,,,"Holyoke city, Hampden County, Massachusetts",39885,33795,1180,288,566,0,3317,739,433,306,"Holyoke city, Hampden County, Massachusetts",28,871,334,190,263,127,630,311,261,175
G250013036300,2006-2010,,,Massachusetts,25,Hampden County,13,Longmeadow town,36300,,,,,,,,,,,,,,,,,,,,,,,,,,,"Longmeadow town, Hampden County, Massachusetts",15759,14746,115,0,691,0,62,145,20,125,"Longmeadow town, Hampden County, Massachusetts",24,429,76,127,385,127,94,121,24,120
G250013037175,2006-2010,,,Massachusetts,25,Hampden County,13,Ludlow town,37175,,,,,,,,,,,,,,,,,,,,,,,,,,,"Ludlow town, Hampden County, Massachusetts",21156,19865,492,24,15,0,358,402,25,377,"Ludlow town, Hampden County, Massachusetts",25,288,145,24,24,127,132,231,30,235
G250013042145,2006-2010,,,Massachusetts,25,Hampden County,13,Monson town,42145,,,,,,,,,,,,,,,,,,,,,,,,,,,"Monson town, Hampden County, Massachusetts",8534,8265,105,13,0,0,21,130,0,130,"Monson town, Hampden County, Massachusetts",45,155,82,22,127,127,31,127,127,127
G250013042530,2006-2010,,,Massachusetts,25,Hampden County,13,Montgomery town,42530,,,,,,,,,,,,,,,,,,,,,,,,,,,"Montgomery town, Hampden County, Massachusetts",732,720,3,0,0,0,0,9,0,9,"Montgomery town, Hampden County, Massachusetts",118,117,4,127,127,127,127,10,127,10
G250013052144,2006-2010,,,Massachusetts,25,Hampden County,13,Palmer Town city,52144,,,,,,,,,,,,,,,,,,,,,,,,,,,"Palmer Town city, Hampden County, Massachusetts",12196,11792,58,0,79,0,0,267,0,267,"Palmer Town city, Hampden County, Massachusetts",23,179,53,127,64,127,127,175,127,175
G250013058650,2006-2010,,,Massachusetts,25,Hampden County,13,Russell town,58650,,,,,,,,,,,,,,,,,,,,,,,,,,,"Russell town, Hampden County, Massachusetts",1665,1557,17,0,0,0,65,26,0,26,"Russell town, Hampden County, Massachusetts",211,197,21,127,127,127,73,38,127,38
G250013065825,2006-2010,,,Massachusetts,25,Hampden County,13,Southwick town,65825,,,,,,,,,,,,,,,,,,,,,,,,,,,"Southwick town, Hampden County, Massachusetts",9378,9183,0,0,45,0,105,45,45,0,"Southwick town, Hampden County, Massachusetts",21,143,127,127,53,127,106,55,55,127
G250013067000,2006-2010,,,Massachusetts,25,Hampden County,13,Springfield city,67000,,,,,,,,,,,,,,,,,,,,,,,,,,,"Springfield city, Hampden County, Massachusetts",152906,78539,33330,364,3769,21,31235,5648,1732,3916,"Springfield city, Hampden County, Massachusetts",73,2126,1177,254,537,34,1712,784,449,767
G250013070045,2006-2010,,,Massachusetts,25,Hampden County,13,Tolland town,70045,,,,,,,,,,,,,,,,,,,,,,,,,,,"Tolland town, Hampden County, Massachusetts",494,494,0,0,0,0,0,0,0,0,"Tolland town, Hampden County, Massachusetts",102,102,127,127,127,127,127,127,127,127
G250013072390,2006-2010,,,Massachusetts,25,Hampden County,13,Wales town,72390,,,,,,,,,,,,,,,,,,,,,,,,,,,"Wales town, Hampden County, Massachusetts",1910,1856,13,11,0,0,0,30,0,30,"Wales town, Hampden County, Massachusetts",198,195,18,14,127,127,127,26,127,26
G250013076030,2006-2010,,,Massachusetts,25,Hampden County,13,Westfield city,76030,,,,,,,,,,,,,,,,,,,,,,,,,,,"Westfield city, Hampden County, Massachusetts",40974,38098,624,79,751,29,763,630,206,424,"Westfield city, Hampden County, Massachusetts",24,702,254,68,319,35,302,331,148,276
G250013077890,2006-2010,,,Massachusetts,25,Hampden County,13,West Springfield Town city,77890,,,,,,,,,,,,,,,,,,,,,,,,,,,"West Springfield Town city, Hampden County, Massachusetts",28287,25017,806,279,1155,0,848,182,67,115,"West Springfield Town city, Hampden County, Massachusetts",29,722,346,227,398,127,445,107,76,92
G250013079740,2006-2010,,,Massachusetts,25,Hampden County,13,Wilbraham town,79740,,,,,,,,,,,,,,,,,,,,,,,,,,,"Wilbraham town, Hampden County, Massachusetts",14089,13476,280,0,173,0,43,117,66,51,"Wilbraham town, Hampden County, Massachusetts",27,278,219,127,120,127,60,77,66,47
G250015001325,2006-2010,,,Massachusetts,25,Hampshire County,15,Amherst town,1325,,,,,,,,,,,,,,,,,,,,,,,,,,,"Amherst town, Hampshire County, Massachusetts",37403,29535,1887,74,3995,0,900,1012,207,805,"Amherst town, Hampshire County, Massachusetts",29,531,287,63,381,127,338,273,142,202
G250015004825,2006-2010,,,Massachusetts,25,Hampshire County,15,Belchertown town,4825,,,,,,,,,,,,,,,,,,,,,,,,,,,"Belchertown town, Hampshire County, Massachusetts",14354,13340,169,0,349,0,221,275,88,187,"Belchertown town, Hampshire County, Massachusetts",33,369,111,127,231,127,218,144,78,111
G250015013590,2006-2010,,,Massachusetts,25,Hampshire County,15,Chesterfield town,13590,,,,,,,,,,,,,,,,,,,,,,,,,,,"Chesterfield town, Hampshire County, Massachusetts",1015,1009,2,0,0,0,0,4,0,4,"Chesterfield town, Hampshire County, Massachusetts",98,98,4,127,127,127,127,5,127,5
G250015016040,2006-2010,,,Massachusetts,25,Hampshire County,15,Cummington town,16040,,,,,,,,,,,,,,,,,,,,,,,,,,,"Cummington town, Hampshire County, Massachusetts",1100,1091,0,0,0,0,0,9,4,5,"Cummington town, Hampshire County, Massachusetts",184,186,127,127,127,127,127,9,7,5
G250015019370,2006-2010,,,Massachusetts,25,Hampshire County,15,Easthampton Town city,19370,,,,,,,,,,,,,,,,,,,,,,,,,,,"Easthampton Town city, Hampshire County, Massachusetts",16054,15044,153,0,648,0,22,187,0,187,"Easthampton Town city, Hampshire County, Massachusetts",35,430,126,127,385,127,105,113,127,113
G250015026290,2006-2010,,,Massachusetts,25,Hampshire County,15,Goshen town,26290,,,,,,,,,,,,,,,,,,,,,,,,,,,"Goshen town, Hampshire County, Massachusetts",1080,1020,0,0,39,0,0,21,3,18,"Goshen town, Hampshire County, Massachusetts",207,197,127,127,36,127,127,23,5,22
G250015026535,2006-2010,,,Massachusetts,25,Hampshire County,15,Granby town,26535,,,,,,,,,,,,,,,,,,,,,,,,,,,"Granby town, Hampshire County, Massachusetts",6229,5928,0,0,124,0,33,144,120,24,"Granby town, Hampshire County, Massachusetts",18,173,127,127,127,127,41,107,99,39
G250015027690,2006-2010,,,Massachusetts,25,Hampshire County,15,Hadley town,27690,,,,,,,,,,,,,,,,,,,,,,,,,,,"Hadley town, Hampshire County, Massachusetts",5176,4878,170,0,19,0,58,51,0,51,"Hadley town, Hampshire County, Massachusetts",22,138,118,127,36,127,57,53,127,53
G250015029265,2006-2010,,,Massachusetts,25,Hampshire County,15,Hatfield town,29265,,,,,,,,,,,,,,,,,,,,,,,,,,,"Hatfield town, Hampshire County, Massachusetts",3268,3181,19,14,0,0,25,29,0,29,"Hatfield town, Hampshire County, Massachusetts",26,64,22,21,127,127,38,33,127,33
G250015031785,2006-2010,,,Massachusetts,25,Hampshire County,15,Huntington town,31785,,,,,,,,,,,,,,,,,,,,,,,,,,,"Huntington town, Hampshire County, Massachusetts",2206,2064,0,0,9,0,28,105,19,86,"Huntington town, Hampshire County, Massachusetts",171,189,127,127,15,127,37,61,22,58
G250015040990,2006-2010,,,Massachusetts,25,Hampshire County,15,Middlefield town,40990,,,,,,,,,,,,,,,,,,,,,,,,,,,"Middlefield town, Hampshire County, Massachusetts",418,418,0,0,0,0,0,0,0,0,"Middlefield town, Hampshire County, Massachusetts",104,104,127,127,127,127,127,127,127,127
G250015046330,2006-2010,,,Massachusetts,25,Hampshire County,15,Northampton city,46330,,,,,,,,,,,,,,,,,,,,,,,,,,,"Northampton city, Hampshire County, Massachusetts",28709,24661,823,81,1411,16,661,1056,111,945,"Northampton city, Hampshire County, Massachusetts",92,559,294,50,358,26,236,287,61,284
G250015052560,2006-2010,,,Massachusetts,25,Hampshire County,15,Pelham town,52560,,,,,,,,,,,,,,,,,,,,,,,,,,,"Pelham town, Hampshire County, Massachusetts",1246,1192,21,4,8,0,4,17,4,13,"Pelham town, Hampshire County, Massachusetts",69,70,14,6,10,127,5,14,5,13
G250015054030,2006-2010,,,Massachusetts,25,Hampshire County,15,Plainfield town,54030,,,,,,,,,,,,,,,,,,,,,,,,,,,"Plainfield town, Hampshire County, Massachusetts",611,578,5,0,0,0,16,12,4,8,"Plainfield town, Hampshire County, Massachusetts",72,68,7,127,127,127,22,9,5,6
G250015062745,2006-2010,,,Massachusetts,25,Hampshire County,15,Southampton town,62745,,,,,,,,,,,,,,,,,,,,,,,,,,,"Southampton town, Hampshire County, Massachusetts",5718,5655,16,0,0,0,16,31,0,31,"Southampton town, Hampshire County, Massachusetts",29,86,27,127,127,127,24,50,127,50
G250015064145,2006-2010,,,Massachusetts,25,Hampshire County,15,South Hadley town,64145,,,,,,,,,,,,,,,,,,,,,,,,,,,"South Hadley town, Hampshire County, Massachusetts",17494,16054,261,12,483,19,242,423,29,394,"South Hadley town, Hampshire County, Massachusetts",25,379,103,18,175,28,235,189,34,188
G250015072880,2006-2010,,,Massachusetts,25,Hampshire County,15,Ware town,72880,,,,,,,,,,,,,,,,,,,,,,,,,,,"Ware town, Hampshire County, Massachusetts",9860,9683,34,24,4,0,13,102,0,102,"Ware town, Hampshire County, Massachusetts",28,114,38,17,7,127,23,85,127,85
G250015076380,2006-2010,,,Massachusetts,25,Hampshire County,15,Westhampton town,76380,,,,,,,,,,,,,,,,,,,,,,,,,,,"Westhampton town, Hampshire County, Massachusetts",1585,1511,39,0,0,0,32,3,3,0,"Westhampton town, Hampshire County, Massachusetts",99,98,54,127,127,127,35,5,5,127
G250015079915,2006-2010,,,Massachusetts,25,Hampshire County,15,Williamsburg town,79915,,,,,,,,,,,,,,,,,,,,,,,,,,,"Williamsburg town, Hampshire County, Massachusetts",2633,2578,13,8,7,0,0,27,11,16,"Williamsburg town, Hampshire County, Massachusetts",254,258,16,12,11,127,127,30,19,22
G250015082175,2006-2010,,,Massachusetts,25,Hampshire County,15,Worthington town,82175,,,,,,,,,,,,,,,,,,,,,,,,,,,"Worthington town, Hampshire County, Massachusetts",1167,1152,9,0,0,0,0,6,0,6,"Worthington town, Hampshire County, Massachusetts",115,113,13,127,127,127,127,7,127,7
G250017000380,2006-2010,,,Massachusetts,25,Middlesex County,17,Acton town,380,,,,,,,,,,,,,,,,,,,,,,,,,,,"Acton town, Middlesex County, Massachusetts",21376,16447,267,71,3860,0,188,543,83,460,"Acton town, Middlesex County, Massachusetts",35,475,154,73,408,127,131,214,91,207
G250017001605,2006-2010,,,Massachusetts,25,Middlesex County,17,Arlington town,1605,,,,,,,,,,,,,,,,,,,,,,,,,,,"Arlington town, Middlesex County, Massachusetts",42240,36328,925,9,3655,0,164,1159,55,1104,"Arlington town, Middlesex County, Massachusetts",69,643,355,23,524,127,93,283,44,286
G250017001955,2006-2010,,,Massachusetts,25,Middlesex County,17,Ashby town,1955,,,,,,,,,,,,,,,,,,,,,,,,,,,"Ashby town, Middlesex County, Massachusetts",2987,2921,0,0,12,0,21,33,0,33,"Ashby town, Middlesex County, Massachusetts",21,49,127,127,13,127,26,42,127,42
G250017002130,2006-2010,,,Massachusetts,25,Middlesex County,17,Ashland town,2130,,,,,,,,,,,,,,,,,,,,,,,,,,,"Ashland town, Middlesex County, Massachusetts",16053,13955,440,25,948,0,459,226,51,175,"Ashland town, Middlesex County, Massachusetts",34,492,241,35,309,127,268,127,49,119
G250017003005,2006-2010,,,Massachusetts,25,Middlesex County,17,Ayer town,3005,,,,,,,,,,,,,,,,,,,,,,,,,,,"Ayer town, Middlesex County, Massachusetts",7314,6187,372,58,112,0,136,449,45,404,"Ayer town, Middlesex County, Massachusetts",29,460,195,70,93,127,146,360,73,291
G250017004615,2006-2010,,,Massachusetts,25,Middlesex County,17,Bedford town,4615,,,,,,,,,,,,,,,,,,,,,,,,,,,"Bedford town, Middlesex County, Massachusetts",13071,11273,307,0,1086,0,128,277,0,277,"Bedford town, Middlesex County, Massachusetts",25,410,275,127,269,127,121,296,127,296
G250017005070,2006-2010,,,Massachusetts,25,Middlesex County,17,Belmont town,5070,,,,,,,,,,,,,,,,,,,,,,,,,,,"Belmont town, Middlesex County, Massachusetts",24356,20626,339,14,2844,11,146,376,129,247,"Belmont town, Middlesex County, Massachusetts",28,640,205,21,563,20,101,177,99,136
G250017005805,2006-2010,,,Massachusetts,25,Middlesex County,17,Billerica town,5805,,,,,,,,,,,,,,,,,,,,,,,,,,,"Billerica town, Middlesex County, Massachusetts",39572,35750,753,24,2323,0,332,390,150,240,"Billerica town, Middlesex County, Massachusetts",42,648,322,23,483,127,200,179,108,135
G250017007350,2006-2010,,,Massachusetts,25,Middlesex County,17,Boxborough town,7350,,,,,,,,,,,,,,,,,,,,,,,,,,,"Boxborough town, Middlesex County, Massachusetts",4908,4094,30,21,634,0,6,123,27,96,"Boxborough town, Middlesex County, Massachusetts",26,159,30,19,146,127,8,81,31,75
G250017009840,2006-2010,,,Massachusetts,25,Middlesex County,17,Burlington town,9840,,,,,,,,,,,,,,,,,,,,,,,,,,,"Burlington town, Middlesex County, Massachusetts",23926,19536,607,0,3223,0,219,341,25,316,"Burlington town, Middlesex County, Massachusetts",26,569,257,127,460,127,208,175,28,171
G250017011000,2006-2010,,,Massachusetts,25,Middlesex County,17,Cambridge city,11000,,,,,,,,,,,,,,,,,,,,,,,,,,,"Cambridge city, Middlesex County, Massachusetts",103506,70607,12234,337,14074,68,2771,3415,354,3061,"Cambridge city, Middlesex County, Massachusetts",49,1255,878,172,1122,77,452,462,116,439
G250017011525,2006-2010,,,Massachusetts,25,Middlesex County,17,Carlisle town,11525,,,,,,,,,,,,,,,,,,,,,,,,,,,"Carlisle town, Middlesex County, Massachusetts",4766,4206,30,0,401,0,0,129,0,129,"Carlisle town, Middlesex County, Massachusetts",26,203,28,127,156,127,127,140,127,140
G250017013135,2006-2010,,,Massachusetts,25,Middlesex County,17,Chelmsford town,13135,,,,,,,,,,,,,,,,,,,,,,,,,,,"Chelmsford town, Middlesex County, Massachusetts",33368,30057,167,12,2218,0,588,326,26,300,"Chelmsford town, Middlesex County, Massachusetts",28,581,149,14,399,127,541,141,40,132
G250017015060,2006-2010,,,Massachusetts,25,Middlesex County,17,Concord town,15060,,,,,,,,,,,,,,,,,,,,,,,,,,,"Concord town, Middlesex County, Massachusetts",17373,15643,643,17,627,0,115,328,25,303,"Concord town, Middlesex County, Massachusetts",24,456,122,20,367,127,65,184,30,185
G250017017475,2006-2010,,,Massachusetts,25,Middlesex County,17,Dracut town,17475,,,,,,,,,,,,,,,,,,,,,,,,,,,"Dracut town, Middlesex County, Massachusetts",28960,26881,662,13,781,0,400,223,82,141,"Dracut town, Middlesex County, Massachusetts",26,467,352,21,235,127,156,167,103,124
G250017017825,2006-2010,,,Massachusetts,25,Middlesex County,17,Dunstable town,17825,,,,,,,,,,,,,,,,,,,,,,,,,,,"Dunstable town, Middlesex County, Massachusetts",3076,2966,0,0,66,0,0,44,0,44,"Dunstable town, Middlesex County, Massachusetts",22,78,127,127,52,127,127,49,127,49
G250017021990,2006-2010,,,Massachusetts,25,Middlesex County,17,Everett city,21990,,,,,,,,,,,,,,,,,,,,,,,,,,,"Everett city, Middlesex County, Massachusetts",40560,30122,5019,10,1417,0,2434,1558,459,1099,"Everett city, Middlesex County, Massachusetts",27,1292,976,15,451,127,671,578,271,552
G250017024925,2006-2010,,,Massachusetts,25,Middlesex County,17,Framingham town,24925,,,,,,,,,,,,,,,,,,,,,,,,,,,"Framingham town, Middlesex County, Massachusetts",67339,49106,4252,330,4614,0,7507,1530,573,957,"Framingham town, Middlesex County, Massachusetts",36,1170,875,137,595,127,1193,356,223,317
G250017027480,2006-2010,,,Massachusetts,25,Middlesex County,17,Groton town,27480,,,,,,,,,,,,,,,,,,,,,,,,,,,"Groton town, Middlesex County, Massachusetts",10327,10032,21,32,178,0,14,50,16,34,"Groton town, Middlesex County, Massachusetts",17,147,33,35,122,127,21,50,27,43
G250017030700,2006-2010,,,Massachusetts,25,Middlesex County,17,Holliston town,30700,,,,,,,,,,,,,,,,,,,,,,,,,,,"Holliston town, Middlesex County, Massachusetts",13431,12806,117,0,292,0,136,80,0,80,"Holliston town, Middlesex County, Massachusetts",29,265,100,127,181,127,95,69,127,69
G250017031085,2006-2010,,,Massachusetts,25,Middlesex County,17,Hopkinton town,31085,,,,,,,,,,,,,,,,,,,,,,,,,,,"Hopkinton town, Middlesex County, Massachusetts",14474,13819,0,7,470,0,40,138,25,113,"Hopkinton town, Middlesex County, Massachusetts",20,236,127,12,188,127,38,90,38,82
G250017031540,2006-2010,,,Massachusetts,25,Middlesex County,17,Hudson town,31540,,,,,,,,,,,,,,,,,,,,,,,,,,,"Hudson town, Middlesex County, Massachusetts",18643,17283,81,6,464,0,177,632,27,605,"Hudson town, Middlesex County, Massachusetts",33,464,58,10,228,127,137,384,45,385
G250017035215,2006-2010,,,Massachusetts,25,Middlesex County,17,Lexington town,35215,,,,,,,,,,,,,,,,,,,,,,,,,,,"Lexington town, Middlesex County, Massachusetts",30862,23707,226,38,5776,0,118,997,142,855,"Lexington town, Middlesex County, Massachusetts",40,618,128,32,542,127,115,300,106,282
G250017035425,2006-2010,,,Massachusetts,25,Middlesex County,17,Lincoln town,35425,,,,,,,,,,,,,,,,,,,,,,,,,,,"Lincoln town, Middlesex County, Massachusetts",6552,5688,177,0,397,0,32,258,0,258,"Lincoln town, Middlesex County, Massachusetts",19,281,163,127,151,127,48,155,127,155
G250017035950,2006-2010,,,Massachusetts,25,Middlesex County,17,Littleton town,35950,,,,,,,,,,,,,,,,,,,,,,,,,,,"Littleton town, Middlesex County, Massachusetts",8697,8251,8,14,281,0,18,125,61,64,"Littleton town, Middlesex County, Massachusetts",34,231,14,22,205,127,26,88,67,61
G250017037000,2006-2010,,,Massachusetts,25,Middlesex County,17,Lowell city,37000,,,,,,,,,,,,,,,,,,,,,,,,,,,"Lowell city, Middlesex County, Massachusetts",105089,63230,6860,104,20981,72,10994,2848,1135,1713,"Lowell city, Middlesex County, Massachusetts",77,1823,1152,78,1317,55,1318,556,328,443
G250017037875,2006-2010,,,Massachusetts,25,Middlesex County,17,Malden city,37875,,,,,,,,,,,,,,,,,,,,,,,,,,,"Malden city, Middlesex County, Massachusetts",58180,34890,8636,44,11104,0,2030,1476,313,1163,"Malden city, Middlesex County, Massachusetts",32,1336,1242,43,1057,127,530,430,173,376
G250017038715,2006-2010,,,Massachusetts,25,Middlesex County,17,Marlborough city,38715,,,,,,,,,,,,,,,,,,,,,,,,,,,"Marlborough city, Middlesex County, Massachusetts",37674,32271,808,27,2100,0,1541,927,273,654,"Marlborough city, Middlesex County, Massachusetts",24,997,384,33,629,127,615,281,183,243
G250017039625,2006-2010,,,Massachusetts,25,Middlesex County,17,Maynard town,39625,,,,,,,,,,,,,,,,,,,,,,,,,,,"Maynard town, Middlesex County, Massachusetts",10036,9558,130,0,143,0,67,138,0,138,"Maynard town, Middlesex County, Massachusetts",23,241,101,127,120,127,47,139,127,139
G250017039835,2006-2010,,,Massachusetts,25,Middlesex County,17,Medford city,39835,,,,,,,,,,,,,,,,,,,,,,,,,,,"Medford city, Middlesex County, Massachusetts",55451,44140,5378,30,4016,15,608,1264,116,1148,"Medford city, Middlesex County, Massachusetts",34,1186,1046,35,786,24,227,428,69,396
G250017040115,2006-2010,,,Massachusetts,25,Middlesex County,17,Melrose city,40115,,,,,,,,,,,,,,,,,,,,,,,,,,,"Melrose city, Middlesex County, Massachusetts",26704,24328,598,0,1132,0,302,344,69,275,"Melrose city, Middlesex County, Massachusetts",34,575,331,127,382,127,276,148,72,131
G250017043895,2006-2010,,,Massachusetts,25,Middlesex County,17,Natick town,43895,,,,,,,,,,,,,,,,,,,,,,,,,,,"Natick town, Middlesex County, Massachusetts",32443,28388,814,18,2400,0,356,467,62,405,"Natick town, Middlesex County, Massachusetts",43,653,404,28,491,127,213,179,105,142
G250017045560,2006-2010,,,Massachusetts,25,Middlesex County,17,Newton city,45560,,,,,,,,,,,,,,,,,,,,,,,,,,,"Newton city, Middlesex County, Massachusetts",83949,69980,2002,30,9063,144,1293,1437,76,1361,"Newton city, Middlesex County, Massachusetts",39,905,416,31,725,114,413,349,55,331
G250017048955,2006-2010,,,Massachusetts,25,Middlesex County,17,North Reading town,48955,,,,,,,,,,,,,,,,,,,,,,,,,,,"North Reading town, Middlesex County, Massachusetts",14536,14047,103,0,214,0,57,115,0,115,"North Reading town, Middlesex County, Massachusetts",19,205,73,127,148,127,55,92,127,92
G250017052805,2006-2010,,,Massachusetts,25,Middlesex County,17,Pepperell town,52805,,,,,,,,,,,,,,,,,,,,,,,,,,,"Pepperell town, Middlesex County, Massachusetts",11299,11024,49,8,159,0,0,59,0,59,"Pepperell town, Middlesex County, Massachusetts",18,186,57,14,154,127,127,58,127,58
G250017056130,2006-2010,,,Massachusetts,25,Middlesex County,17,Reading town,56130,,,,,,,,,,,,,,,,,,,,,,,,,,,"Reading town, Middlesex County, Massachusetts",24261,23029,40,17,614,0,236,325,129,196,"Reading town, Middlesex County, Massachusetts",42,307,66,25,227,127,140,206,132,150
G250017061380,2006-2010,,,Massachusetts,25,Middlesex County,17,Sherborn town,61380,,,,,,,,,,,,,,,,,,,,,,,,,,,"Sherborn town, Middlesex County, Massachusetts",4089,3718,0,0,335,0,11,25,14,11,"Sherborn town, Middlesex County, Massachusetts",27,206,127,127,195,127,19,28,23,17
G250017061590,2006-2010,,,Massachusetts,25,Middlesex County,17,Shirley town,61590,,,,,,,,,,,,,,,,,,,,,,,,,,,"Shirley town, Middlesex County, Massachusetts",7226,6163,540,17,127,0,243,136,6,130,"Shirley town, Middlesex County, Massachusetts",19,260,176,20,86,127,108,113,11,114
G250017062535,2006-2010,,,Massachusetts,25,Middlesex County,17,Somerville city,62535,,,,,,,,,,,,,,,,,,,,,,,,,,,"Somerville city, Middlesex County, Massachusetts",75215,57350,3823,347,7268,148,4562,1717,373,1344,"Somerville city, Middlesex County, Massachusetts",51,1505,883,232,1110,176,1045,427,257,337
G250017067665,2006-2010,,,Massachusetts,25,Middlesex County,17,Stoneham town,67665,,,,,,,,,,,,,,,,,,,,,,,,,,,"Stoneham town, Middlesex County, Massachusetts",21320,19985,309,35,532,0,153,306,34,272,"Stoneham town, Middlesex County, Massachusetts",25,361,147,41,219,127,175,193,45,189
G250017068050,2006-2010,,,Massachusetts,25,Middlesex County,17,Stow town,68050,,,,,,,,,,,,,,,,,,,,,,,,,,,"Stow town, Middlesex County, Massachusetts",6395,6108,24,0,131,0,9,123,0,123,"Stow town, Middlesex County, Massachusetts",18,172,39,127,90,127,16,103,127,103
G250017068260,2006-2010,,,Massachusetts,25,Middlesex County,17,Sudbury town,68260,,,,,,,,,,,,,,,,,,,,,,,,,,,"Sudbury town, Middlesex County, Massachusetts",17308,15731,117,0,1049,0,149,262,24,238,"Sudbury town, Middlesex County, Massachusetts",26,303,108,127,222,127,127,153,28,153
G250017069415,2006-2010,,,Massachusetts,25,Middlesex County,17,Tewksbury town,69415,,,,,,,,,,,,,,,,,,,,,,,,,,,"Tewksbury town, Middlesex County, Massachusetts",28619,26563,386,67,1078,0,326,199,29,170,"Tewksbury town, Middlesex County, Massachusetts",23,499,322,58,372,127,277,105,31,101
G250017070360,2006-2010,,,Massachusetts,25,Middlesex County,17,Townsend town,70360,,,,,,,,,,,,,,,,,,,,,,,,,,,"Townsend town, Middlesex County, Massachusetts",8871,8513,11,20,47,0,154,126,28,98,"Townsend town, Middlesex County, Massachusetts",19,248,17,24,53,127,213,107,43,98
G250017071025,2006-2010,,,Massachusetts,25,Middlesex County,17,Tyngsborough town,71025,,,,,,,,,,,,,,,,,,,,,,,,,,,"Tyngsborough town, Middlesex County, Massachusetts",11124,10300,28,8,561,26,76,125,0,125,"Tyngsborough town, Middlesex County, Massachusetts",27,249,28,13,222,35,66,99,127,99
G250017072215,2006-2010,,,Massachusetts,25,Middlesex County,17,Wakefield town,72215,,,,,,,,,,,,,,,,,,,,,,,,,,,"Wakefield town, Middlesex County, Massachusetts",24620,23551,66,0,584,0,117,302,21,281,"Wakefield town, Middlesex County, Massachusetts",23,333,106,127,229,127,107,150,32,149
G250017072600,2006-2010,,,Massachusetts,25,Middlesex County,17,Waltham city,72600,,,,,,,,,,,,,,,,,,,,,,,,,,,"Waltham city, Middlesex County, Massachusetts",59771,45613,3276,100,6736,104,3036,906,227,679,"Waltham city, Middlesex County, Massachusetts",34,1271,664,64,958,112,814,247,132,213
G250017073440,2006-2010,,,Massachusetts,25,Middlesex County,17,Watertown Town city,73440,,,,,,,,,,,,,,,,,,,,,,,,,,,"Watertown Town city, Middlesex County, Massachusetts",31591,27659,919,4,2072,22,350,565,62,503,"Watertown Town city, Middlesex County, Massachusetts",39,619,306,16,453,35,187,284,57,268
G250017073790,2006-2010,,,Massachusetts,25,Middlesex County,17,Wayland town,73790,,,,,,,,,,,,,,,,,,,,,,,,,,,"Wayland town, Middlesex County, Massachusetts",12864,11322,100,31,1250,0,0,161,0,161,"Wayland town, Middlesex County, Massachusetts",26,331,110,37,317,127,127,108,127,108
G250017076135,2006-2010,,,Massachusetts,25,Middlesex County,17,Westford town,76135,,,,,,,,,,,,,,,,,,,,,,,,,,,"Westford town, Middlesex County, Massachusetts",21483,18648,90,13,2141,13,134,444,13,431,"Westford town, Middlesex County, Massachusetts",23,406,88,20,354,24,98,199,21,201
G250017077255,2006-2010,,,Massachusetts,25,Middlesex County,17,Weston town,77255,,,,,,,,,,,,,,,,,,,,,,,,,,,"Weston town, Middlesex County, Massachusetts",11191,9810,287,0,918,0,76,100,20,80,"Weston town, Middlesex County, Massachusetts",32,322,175,127,237,127,80,84,34,60
G250017080230,2006-2010,,,Massachusetts,25,Middlesex County,17,Wilmington town,80230,,,,,,,,,,,,,,,,,,,,,,,,,,,"Wilmington town, Middlesex County, Massachusetts",21891,20673,299,0,634,0,23,262,42,220,"Wilmington town, Middlesex County, Massachusetts",24,298,170,127,246,127,26,158,52,138
G250017080510,2006-2010,,,Massachusetts,25,Middlesex County,17,Winchester town,80510,,,,,,,,,,,,,,,,,,,,,,,,,,,"Winchester town, Middlesex County, Massachusetts",21016,18758,31,14,1781,0,102,330,71,259,"Winchester town, Middlesex County, Massachusetts",33,459,32,22,379,127,106,166,109,117
G250017081035,2006-2010,,,Massachusetts,25,Middlesex County,17,Woburn city,81035,,,,,,,,,,,,,,,,,,,,,,,,,,,"Woburn city, Middlesex County, Massachusetts",37538,32478,1566,25,2408,0,696,365,45,320,"Woburn city, Middlesex County, Massachusetts",59,778,541,38,510,127,258,210,46,199
G250019000000,2006-2010,,,Massachusetts,25,Nantucket County,19,County subdivisions not defined,0,,,,,,,,,,,,,,,,,,,,,,,,,,,"County subdivisions not defined, Nantucket County, Massachusetts",0,0,0,0,0,0,0,0,0,0,"County subdivisions not defined, Nantucket County, Massachusetts",127,127,127,127,127,127,127,127,127,127
G250019043790,2006-2010,,,Massachusetts,25,Nantucket County,19,Nantucket town,43790,,,,,,,,,,,,,,,,,,,,,,,,,,,"Nantucket town, Nantucket County, Massachusetts",10069,8925,676,0,96,0,9,363,0,363,"Nantucket town, Nantucket County, Massachusetts",0,362,420,127,31,127,26,295,127,295
G250021002935,2006-2010,,,Massachusetts,25,Norfolk County,21,Avon town,2935,,,,,,,,,,,,,,,,,,,,,,,,,,,"Avon town, Norfolk County, Massachusetts",4335,3739,406,84,51,0,28,27,11,16,"Avon town, Norfolk County, Massachusetts",21,302,271,102,54,127,30,27,18,19
G250021004930,2006-2010,,,Massachusetts,25,Norfolk County,21,Bellingham town,4930,,,,,,,,,,,,,,,,,,,,,,,,,,,"Bellingham town, Norfolk County, Massachusetts",16017,15223,297,21,278,0,41,157,0,157,"Bellingham town, Norfolk County, Massachusetts",21,269,241,33,121,127,50,91,127,91
G250021007740,2006-2010,,,Massachusetts,25,Norfolk County,21,Braintree Town city,7740,,,,,,,,,,,,,,,,,,,,,,,,,,,"Braintree Town city, Norfolk County, Massachusetts",35122,31353,838,16,2463,0,258,194,0,194,"Braintree Town city, Norfolk County, Massachusetts",22,584,320,24,490,127,163,96,127,96
G250021009175,2006-2010,,,Massachusetts,25,Norfolk County,21,Brookline town,9175,,,,,,,,,,,,,,,,,,,,,,,,,,,"Brookline town, Norfolk County, Massachusetts",57953,44727,1414,60,8836,0,1597,1319,224,1095,"Brookline town, Norfolk County, Massachusetts",107,1049,359,57,940,127,578,269,104,225
G250021011315,2006-2010,,,Massachusetts,25,Norfolk County,21,Canton town,11315,,,,,,,,,,,,,,,,,,,,,,,,,,,"Canton town, Norfolk County, Massachusetts",21246,18399,1357,16,1069,0,124,281,21,260,"Canton town, Norfolk County, Massachusetts",28,491,368,26,310,127,133,167,37,164
G250021014640,2006-2010,,,Massachusetts,25,Norfolk County,21,Cohasset town,14640,,,,,,,,,,,,,,,,,,,,,,,,,,,"Cohasset town, Norfolk County, Massachusetts",7434,7299,15,0,13,0,10,97,8,89,"Cohasset town, Norfolk County, Massachusetts",19,115,12,127,20,127,17,93,13,92
G250021016495,2006-2010,,,Massachusetts,25,Norfolk County,21,Dedham town,16495,,,,,,,,,,,,,,,,,,,,,,,,,,,"Dedham town, Norfolk County, Massachusetts",24325,21978,1126,13,677,0,271,260,11,249,"Dedham town, Norfolk County, Massachusetts",24,445,337,21,275,127,171,125,22,124
G250021017405,2006-2010,,,Massachusetts,25,Norfolk County,21,Dover town,17405,,,,,,,,,,,,,,,,,,,,,,,,,,,"Dover town, Norfolk County, Massachusetts",5528,4881,55,16,304,0,84,188,0,188,"Dover town, Norfolk County, Massachusetts",44,218,76,26,105,127,106,103,127,103
G250021024820,2006-2010,,,Massachusetts,25,Norfolk County,21,Foxborough town,24820,,,,,,,,,,,,,,,,,,,,,,,,,,,"Foxborough town, Norfolk County, Massachusetts",16621,15852,263,8,368,0,41,89,0,89,"Foxborough town, Norfolk County, Massachusetts",32,314,184,12,178,127,46,72,127,72
G250021025172,2006-2010,,,Massachusetts,25,Norfolk County,21,Franklin Town city,25172,,,,,,,,,,,,,,,,,,,,,,,,,,,"Franklin Town city, Norfolk County, Massachusetts",31023,28803,284,38,1514,0,89,295,0,295,"Franklin Town city, Norfolk County, Massachusetts",27,471,146,43,451,127,149,202,127,202
G250021030455,2006-2010,,,Massachusetts,25,Norfolk County,21,Holbrook town,30455,,,,,,,,,,,,,,,,,,,,,,,,,,,"Holbrook town, Norfolk County, Massachusetts",10694,8901,1215,0,352,0,48,178,0,178,"Holbrook town, Norfolk County, Massachusetts",21,440,423,127,366,127,61,132,127,132
G250021039765,2006-2010,,,Massachusetts,25,Norfolk County,21,Medfield town,39765,,,,,,,,,,,,,,,,,,,,,,,,,,,"Medfield town, Norfolk County, Massachusetts",11976,11305,48,18,280,0,115,210,75,135,"Medfield town, Norfolk County, Massachusetts",29,283,59,27,167,127,130,130,69,112
G250021039975,2006-2010,,,Massachusetts,25,Norfolk County,21,Medway town,39975,,,,,,,,,,,,,,,,,,,,,,,,,,,"Medway town, Norfolk County, Massachusetts",12597,11854,109,0,376,0,28,230,76,154,"Medway town, Norfolk County, Massachusetts",21,337,106,127,222,127,49,165,82,119
G250021041515,2006-2010,,,Massachusetts,25,Norfolk County,21,Millis town,41515,,,,,,,,,,,,,,,,,,,,,,,,,,,"Millis town, Norfolk County, Massachusetts",7824,7557,0,0,122,0,42,103,22,81,"Millis town, Norfolk County, Massachusetts",21,154,127,127,93,127,40,72,35,61
G250021041690,2006-2010,,,Massachusetts,25,Norfolk County,21,Milton town,41690,,,,,,,,,,,,,,,,,,,,,,,,,,,"Milton town, Norfolk County, Massachusetts",26667,22023,3127,0,1143,0,30,344,95,249,"Milton town, Norfolk County, Massachusetts",36,827,713,127,379,127,35,144,82,122
G250021044105,2006-2010,,,Massachusetts,25,Norfolk County,21,Needham town,44105,,,,,,,,,,,,,,,,,,,,,,,,,,,"Needham town, Norfolk County, Massachusetts",28683,25744,451,0,1826,4,308,350,20,330,"Needham town, Norfolk County, Massachusetts",46,475,327,127,367,15,219,165,34,151
G250021046050,2006-2010,,,Massachusetts,25,Norfolk County,21,Norfolk town,46050,,,,,,,,,,,,,,,,,,,,,,,,,,,"Norfolk town, Norfolk County, Massachusetts",11054,9703,619,18,129,2,337,246,48,198,"Norfolk town, Norfolk County, Massachusetts",43,349,175,21,79,2,112,206,36,207
G250021050250,2006-2010,,,Massachusetts,25,Norfolk County,21,Norwood town,50250,,,,,,,,,,,,,,,,,,,,,,,,,,,"Norwood town, Norfolk County, Massachusetts",28375,24160,1069,0,1437,9,1231,469,43,426,"Norwood town, Norfolk County, Massachusetts",32,686,370,127,428,17,521,230,55,220
G250021054100,2006-2010,,,Massachusetts,25,Norfolk County,21,Plainville town,54100,,,,,,,,,,,,,,,,,,,,,,,,,,,"Plainville town, Norfolk County, Massachusetts",8091,7775,91,9,179,0,37,0,0,0,"Plainville town, Norfolk County, Massachusetts",15,145,80,14,125,127,35,127,127,127
G250021055745,2006-2010,,,Massachusetts,25,Norfolk County,21,Quincy city,55745,,,,,,,,,,,,,,,,,,,,,,,,,,,"Quincy city, Norfolk County, Massachusetts",90780,63012,4540,106,20568,170,968,1416,110,1306,"Quincy city, Norfolk County, Massachusetts",31,1289,844,70,989,125,376,403,108,381
G250021055955,2006-2010,,,Massachusetts,25,Norfolk County,21,Randolph town,55955,,,,,,,,,,,,,,,,,,,,,,,,,,,"Randolph town, Norfolk County, Massachusetts",31661,13878,12380,128,4045,0,826,404,145,259,"Randolph town, Norfolk County, Massachusetts",55,912,837,170,646,127,382,152,99,133
G250021060785,2006-2010,,,Massachusetts,25,Norfolk County,21,Sharon town,60785,,,,,,,,,,,,,,,,,,,,,,,,,,,"Sharon town, Norfolk County, Massachusetts",17435,14533,763,0,1651,116,32,340,80,260,"Sharon town, Norfolk County, Massachusetts",27,450,372,127,282,177,49,146,87,125
G250021067945,2006-2010,,,Massachusetts,25,Norfolk County,21,Stoughton town,67945,,,,,,,,,,,,,,,,,,,,,,,,,,,"Stoughton town, Norfolk County, Massachusetts",26781,22736,2609,10,809,0,298,319,97,222,"Stoughton town, Norfolk County, Massachusetts",37,591,448,16,320,127,156,144,105,113
G250021072495,2006-2010,,,Massachusetts,25,Norfolk County,21,Walpole town,72495,,,,,,,,,,,,,,,,,,,,,,,,,,,"Walpole town, Norfolk County, Massachusetts",23673,22222,490,0,617,0,229,115,5,110,"Walpole town, Norfolk County, Massachusetts",31,448,239,127,330,127,229,90,8,90
G250021074175,2006-2010,,,Massachusetts,25,Norfolk County,21,Wellesley town,74175,,,,,,,,,,,,,,,,,,,,,,,,,,,"Wellesley town, Norfolk County, Massachusetts",27623,22927,364,4,3273,29,468,558,52,506,"Wellesley town, Norfolk County, Massachusetts",25,608,137,10,506,51,260,205,41,200
G250021078690,2006-2010,,,Massachusetts,25,Norfolk County,21,Westwood town,78690,,,,,,,,,,,,,,,,,,,,,,,,,,,"Westwood town, Norfolk County, Massachusetts",14405,13382,76,0,580,6,31,330,0,330,"Westwood town, Norfolk County, Massachusetts",22,271,91,127,197,9,38,182,127,182
G250021078972,2006-2010,,,Massachusetts,25,Norfolk County,21,Weymouth Town city,78972,,,,,,,,,,,,,,,,,,,,,,,,,,,"Weymouth Town city, Norfolk County, Massachusetts",53342,48877,1820,70,1769,0,324,482,97,385,"Weymouth Town city, Norfolk County, Massachusetts",33,636,522,55,449,127,164,172,67,159
G250021082315,2006-2010,,,Massachusetts,25,Norfolk County,21,Wrentham town,82315,,,,,,,,,,,,,,,,,,,,,,,,,,,"Wrentham town, Norfolk County, Massachusetts",10812,10493,183,0,83,0,0,53,0,53,"Wrentham town, Norfolk County, Massachusetts",23,234,205,127,87,127,127,74,127,74
G250023000000,2006-2010,,,Massachusetts,25,Plymouth County,23,County subdivisions not defined,0,,,,,,,,,,,,,,,,,,,,,,,,,,,"County subdivisions not defined, Plymouth County, Massachusetts",0,0,0,0,0,0,0,0,0,0,"County subdivisions not defined, Plymouth County, Massachusetts",127,127,127,127,127,127,127,127,127,127
G250023000170,2006-2010,,,Massachusetts,25,Plymouth County,23,Abington town,170,,,,,,,,,,,,,,,,,,,,,,,,,,,"Abington town, Plymouth County, Massachusetts",15704,14978,311,0,335,0,22,58,12,46,"Abington town, Plymouth County, Massachusetts",46,385,317,127,188,127,36,68,20,64
G250023008085,2006-2010,,,Massachusetts,25,Plymouth County,23,Bridgewater town,8085,,,,,,,,,,,,,,,,,,,,,,,,,,,"Bridgewater town, Plymouth County, Massachusetts",26396,24369,922,28,223,0,375,479,145,334,"Bridgewater town, Plymouth County, Massachusetts",26,466,265,36,148,127,121,205,132,145
G250023009000,2006-2010,,,Massachusetts,25,Plymouth County,23,Brockton city,9000,,,,,,,,,,,,,,,,,,,,,,,,,,,"Brockton city, Plymouth County, Massachusetts",93869,47760,32871,183,2176,0,7048,3831,829,3002,"Brockton city, Plymouth County, Massachusetts",31,1256,983,116,664,127,1085,551,253,498
G250023011665,2006-2010,,,Massachusetts,25,Plymouth County,23,Carver town,11665,,,,,,,,,,,,,,,,,,,,,,,,,,,"Carver town, Plymouth County, Massachusetts",11447,10891,145,0,41,0,186,184,19,165,"Carver town, Plymouth County, Massachusetts",33,189,134,127,47,127,121,92,23,88
G250023017895,2006-2010,,,Massachusetts,25,Plymouth County,23,Duxbury town,17895,,,,,,,,,,,,,,,,,,,,,,,,,,,"Duxbury town, Plymouth County, Massachusetts",14897,14752,0,0,99,0,34,12,12,0,"Duxbury town, Plymouth County, Massachusetts",29,81,127,127,56,127,54,20,20,127
G250023018455,2006-2010,,,Massachusetts,25,Plymouth County,23,East Bridgewater town,18455,,,,,,,,,,,,,,,,,,,,,,,,,,,"East Bridgewater town, Plymouth County, Massachusetts",13636,13365,41,0,87,0,69,74,0,74,"East Bridgewater town, Plymouth County, Massachusetts",17,129,34,127,88,127,55,56,127,56
G250023027795,2006-2010,,,Massachusetts,25,Plymouth County,23,Halifax town,27795,,,,,,,,,,,,,,,,,,,,,,,,,,,"Halifax town, Plymouth County, Massachusetts",7508,7167,0,152,0,0,43,146,0,146,"Halifax town, Plymouth County, Massachusetts",30,233,127,173,127,127,38,148,127,148
G250023028285,2006-2010,,,Massachusetts,25,Plymouth County,23,Hanover town,28285,,,,,,,,,,,,,,,,,,,,,,,,,,,"Hanover town, Plymouth County, Massachusetts",13743,13293,249,0,166,0,0,35,0,35,"Hanover town, Plymouth County, Massachusetts",20,240,203,127,157,127,127,40,127,40
G250023028495,2006-2010,,,Massachusetts,25,Plymouth County,23,Hanson town,28495,,,,,,,,,,,,,,,,,,,,,,,,,,,"Hanson town, Plymouth County, Massachusetts",10094,9472,217,0,52,0,13,340,131,209,"Hanson town, Plymouth County, Massachusetts",34,275,175,127,74,127,20,226,194,117
G250023030210,2006-2010,,,Massachusetts,25,Plymouth County,23,Hingham town,30210,,,,,,,,,,,,,,,,,,,,,,,,,,,"Hingham town, Plymouth County, Massachusetts",21731,21151,180,0,253,0,53,94,8,86,"Hingham town, Plymouth County, Massachusetts",21,239,127,127,161,127,49,80,13,79
G250023031645,2006-2010,,,Massachusetts,25,Plymouth County,23,Hull town,31645,,,,,,,,,,,,,,,,,,,,,,,,,,,"Hull town, Plymouth County, Massachusetts",10420,9906,191,105,63,0,41,114,0,114,"Hull town, Plymouth County, Massachusetts",16,298,187,92,76,127,64,82,127,82
G250023033220,2006-2010,,,Massachusetts,25,Plymouth County,23,Kingston town,33220,,,,,,,,,,,,,,,,,,,,,,,,,,,"Kingston town, Plymouth County, Massachusetts",12470,11910,0,23,250,13,47,227,59,168,"Kingston town, Plymouth County, Massachusetts",20,348,127,32,235,22,76,198,97,164
G250023033920,2006-2010,,,Massachusetts,25,Plymouth County,23,Lakeville town,33920,,,,,,,,,,,,,,,,,,,,,,,,,,,"Lakeville town, Plymouth County, Massachusetts",10462,9803,379,0,95,0,62,123,0,123,"Lakeville town, Plymouth County, Massachusetts",42,323,261,127,137,127,98,98,127,98
G250023038540,2006-2010,,,Massachusetts,25,Plymouth County,23,Marion town,38540,,,,,,,,,,,,,,,,,,,,,,,,,,,"Marion town, Plymouth County, Massachusetts",4948,4509,0,24,74,0,198,143,117,26,"Marion town, Plymouth County, Massachusetts",16,232,127,39,81,127,219,89,85,43
G250023038855,2006-2010,,,Massachusetts,25,Plymouth County,23,Marshfield town,38855,,,,,,,,,,,,,,,,,,,,,,,,,,,"Marshfield town, Plymouth County, Massachusetts",24969,24248,100,93,141,0,139,248,24,224,"Marshfield town, Plymouth County, Massachusetts",21,248,78,140,128,127,114,138,26,133
G250023039450,2006-2010,,,Massachusetts,25,Plymouth County,23,Mattapoisett town,39450,,,,,,,,,,,,,,,,,,,,,,,,,,,"Mattapoisett town, Plymouth County, Massachusetts",6079,6011,45,0,0,0,11,12,0,12,"Mattapoisett town, Plymouth County, Massachusetts",18,61,53,127,127,127,18,20,127,20
G250023040850,2006-2010,,,Massachusetts,25,Plymouth County,23,Middleborough town,40850,,,,,,,,,,,,,,,,,,,,,,,,,,,"Middleborough town, Plymouth County, Massachusetts",22538,21068,384,49,523,15,111,388,107,281,"Middleborough town, Plymouth County, Massachusetts",23,475,179,70,375,18,73,156,79,139
G250023050145,2006-2010,,,Massachusetts,25,Plymouth County,23,Norwell town,50145,,,,,,,,,,,,,,,,,,,,,,,,,,,"Norwell town, Plymouth County, Massachusetts",10370,9886,93,0,174,0,139,78,0,78,"Norwell town, Plymouth County, Massachusetts",25,239,110,127,138,127,183,82,127,82
G250023052630,2006-2010,,,Massachusetts,25,Plymouth County,23,Pembroke town,52630,,,,,,,,,,,,,,,,,,,,,,,,,,,"Pembroke town, Plymouth County, Massachusetts",17660,17260,231,0,126,0,0,43,0,43,"Pembroke town, Plymouth County, Massachusetts",23,288,227,127,150,127,127,46,127,46
G250023054310,2006-2010,,,Massachusetts,25,Plymouth County,23,Plymouth town,54310,,,,,,,,,,,,,,,,,,,,,,,,,,,"Plymouth town, Plymouth County, Massachusetts",55606,52614,1113,65,340,23,682,769,154,615,"Plymouth town, Plymouth County, Massachusetts",31,566,281,42,162,38,325,218,123,182
G250023054415,2006-2010,,,Massachusetts,25,Plymouth County,23,Plympton town,54415,,,,,,,,,,,,,,,,,,,,,,,,,,,"Plympton town, Plymouth County, Massachusetts",2777,2721,0,0,0,0,19,37,21,16,"Plympton town, Plymouth County, Massachusetts",34,51,127,127,127,127,18,32,24,21
G250023057600,2006-2010,,,Massachusetts,25,Plymouth County,23,Rochester town,57600,,,,,,,,,,,,,,,,,,,,,,,,,,,"Rochester town, Plymouth County, Massachusetts",5109,4744,125,0,145,0,53,42,28,14,"Rochester town, Plymouth County, Massachusetts",19,208,184,127,134,127,53,41,33,23
G250023057775,2006-2010,,,Massachusetts,25,Plymouth County,23,Rockland town,57775,,,,,,,,,,,,,,,,,,,,,,,,,,,"Rockland town, Plymouth County, Massachusetts",17511,16033,710,14,300,0,35,419,0,419,"Rockland town, Plymouth County, Massachusetts",20,522,332,23,336,127,48,241,127,241
G250023060330,2006-2010,,,Massachusetts,25,Plymouth County,23,Scituate town,60330,,,,,,,,,,,,,,,,,,,,,,,,,,,"Scituate town, Plymouth County, Massachusetts",18075,17423,88,0,112,0,189,263,34,229,"Scituate town, Plymouth County, Massachusetts",20,290,130,127,93,127,238,138,33,137
G250023072985,2006-2010,,,Massachusetts,25,Plymouth County,23,Wareham town,72985,,,,,,,,,,,,,,,,,,,,,,,,,,,"Wareham town, Plymouth County, Massachusetts",21536,19650,489,0,387,0,676,334,168,166,"Wareham town, Plymouth County, Massachusetts",21,532,188,127,212,127,426,138,85,106
G250023075260,2006-2010,,,Massachusetts,25,Plymouth County,23,West Bridgewater town,75260,,,,,,,,,,,,,,,,,,,,,,,,,,,"West Bridgewater town, Plymouth County, Massachusetts",6859,6439,230,51,78,0,17,44,24,20,"West Bridgewater town, Plymouth County, Massachusetts",20,240,203,77,101,127,26,50,38,32
G250023079530,2006-2010,,,Massachusetts,25,Plymouth County,23,Whitman town,79530,,,,,,,,,,,,,,,,,,,,,,,,,,,"Whitman town, Plymouth County, Massachusetts",14370,13545,302,37,115,0,189,182,48,134,"Whitman town, Plymouth County, Massachusetts",24,297,179,44,109,127,136,100,55,85
G250025000000,2006-2010,,,Massachusetts,25,Suffolk County,25,County subdivisions not defined,0,,,,,,,,,,,,,,,,,,,,,,,,,,,"County subdivisions not defined, Suffolk County, Massachusetts",0,0,0,0,0,0,0,0,0,0,"County subdivisions not defined, Suffolk County, Massachusetts",127,127,127,127,127,127,127,127,127,127
G250025007000,2006-2010,,,Massachusetts,25,Suffolk County,25,Boston city,7000,,,,,,,,,,,,,,,,,,,,,,,,,,,"Boston city, Suffolk County, Massachusetts",602609,324786,150580,2148,53958,345,49905,20887,4031,16856,"Boston city, Suffolk County, Massachusetts",58,2254,2139,413,891,172,2407,1580,707,1409
G250025013205,2006-2010,,,Massachusetts,25,Suffolk County,25,Chelsea city,13205,,,,,,,,,,,,,,,,,,,,,,,,,,,"Chelsea city, Suffolk County, Massachusetts",34532,16628,3293,0,972,0,3466,10173,293,9880,"Chelsea city, Suffolk County, Massachusetts",40,1368,756,127,424,127,866,1585,157,1571
G250025056585,2006-2010,,,Massachusetts,25,Suffolk County,25,Revere city,56585,,,,,,,,,,,,,,,,,,,,,,,,,,,"Revere city, Suffolk County, Massachusetts",50008,37748,2010,310,3147,0,4447,2346,336,2010,"Revere city, Suffolk County, Massachusetts",58,1322,604,242,674,127,1034,795,184,798
G250025081005,2006-2010,,,Massachusetts,25,Suffolk County,25,Winthrop Town city,81005,,,,,,,,,,,,,,,,,,,,,,,,,,,"Winthrop Town city, Suffolk County, Massachusetts",17311,15512,227,18,158,0,726,670,172,498,"Winthrop Town city, Suffolk County, Massachusetts",26,514,162,22,95,127,312,342,132,296
G250027001885,2006-2010,,,Massachusetts,25,Worcester County,27,Ashburnham town,1885,,,,,,,,,,,,,,,,,,,,,,,,,,,"Ashburnham town, Worcester County, Massachusetts",5991,5580,63,30,48,0,100,170,69,101,"Ashburnham town, Worcester County, Massachusetts",33,216,81,53,58,127,128,111,79,81
G250027002480,2006-2010,,,Massachusetts,25,Worcester County,27,Athol town,2480,,,,,,,,,,,,,,,,,,,,,,,,,,,"Athol town, Worcester County, Massachusetts",11559,10799,90,82,78,0,119,391,28,363,"Athol town, Worcester County, Massachusetts",25,337,63,69,74,127,111,222,32,221
G250027002760,2006-2010,,,Massachusetts,25,Worcester County,27,Auburn town,2760,,,,,,,,,,,,,,,,,,,,,,,,,,,"Auburn town, Worcester County, Massachusetts",16185,15661,129,41,114,13,117,110,4,106,"Auburn town, Worcester County, Massachusetts",28,235,160,68,112,23,109,101,52,85
G250027003740,2006-2010,,,Massachusetts,25,Worcester County,27,Barre town,3740,,,,,,,,,,,,,,,,,,,,,,,,,,,"Barre town, Worcester County, Massachusetts",5370,5316,0,0,0,0,54,0,0,0,"Barre town, Worcester County, Massachusetts",37,76,127,127,127,127,63,127,127,127
G250027005490,2006-2010,,,Massachusetts,25,Worcester County,27,Berlin town,5490,,,,,,,,,,,,,,,,,,,,,,,,,,,"Berlin town, Worcester County, Massachusetts",2789,2671,25,0,27,10,12,44,6,38,"Berlin town, Worcester County, Massachusetts",22,62,31,127,19,16,13,32,10,30
G250027006015,2006-2010,,,Massachusetts,25,Worcester County,27,Blackstone town,6015,,,,,,,,,,,,,,,,,,,,,,,,,,,"Blackstone town, Worcester County, Massachusetts",9003,8523,128,0,56,0,21,275,0,275,"Blackstone town, Worcester County, Massachusetts",20,246,178,127,47,127,34,165,127,165
G250027006365,2006-2010,,,Massachusetts,25,Worcester County,27,Bolton town,6365,,,,,,,,,,,,,,,,,,,,,,,,,,,"Bolton town, Worcester County, Massachusetts",4779,4625,0,0,77,0,0,77,0,77,"Bolton town, Worcester County, Massachusetts",21,131,127,127,74,127,127,78,127,78
G250027007525,2006-2010,,,Massachusetts,25,Worcester County,27,Boylston town,7525,,,,,,,,,,,,,,,,,,,,,,,,,,,"Boylston town, Worcester County, Massachusetts",4308,4133,0,5,117,0,22,31,0,31,"Boylston town, Worcester County, Massachusetts",27,141,127,11,106,127,35,33,127,33
G250027009105,2006-2010,,,Massachusetts,25,Worcester County,27,Brookfield town,9105,,,,,,,,,,,,,,,,,,,,,,,,,,,"Brookfield town, Worcester County, Massachusetts",3342,3302,12,0,13,0,8,7,0,7,"Brookfield town, Worcester County, Massachusetts",24,39,18,127,20,127,12,12,127,12
G250027012715,2006-2010,,,Massachusetts,25,Worcester County,27,Charlton town,12715,,,,,,,,,,,,,,,,,,,,,,,,,,,"Charlton town, Worcester County, Massachusetts",12708,12379,30,0,49,0,144,106,47,59,"Charlton town, Worcester County, Massachusetts",22,218,51,127,58,127,145,112,75,60
G250027014395,2006-2010,,,Massachusetts,25,Worcester County,27,Clinton town,14395,,,,,,,,,,,,,,,,,,,,,,,,,,,"Clinton town, Worcester County, Massachusetts",13610,12153,335,52,86,12,772,200,12,188,"Clinton town, Worcester County, Massachusetts",23,453,214,52,49,24,375,141,22,138
G250027017300,2006-2010,,,Massachusetts,25,Worcester County,27,Douglas town,17300,,,,,,,,,,,,,,,,,,,,,,,,,,,"Douglas town, Worcester County, Massachusetts",8239,7960,29,34,15,0,82,119,60,59,"Douglas town, Worcester County, Massachusetts",16,144,51,50,26,127,61,88,71,59
G250027017685,2006-2010,,,Massachusetts,25,Worcester County,27,Dudley town,17685,,,,,,,,,,,,,,,,,,,,,,,,,,,"Dudley town, Worcester County, Massachusetts",11171,10441,130,34,155,0,66,345,12,333,"Dudley town, Worcester County, Massachusetts",31,268,102,33,158,127,49,179,20,177
G250027018560,2006-2010,,,Massachusetts,25,Worcester County,27,East Brookfield town,18560,,,,,,,,,,,,,,,,,,,,,,,,,,,"East Brookfield town, Worcester County, Massachusetts",2034,1981,16,0,0,0,0,37,0,37,"East Brookfield town, Worcester County, Massachusetts",139,135,22,127,127,127,127,44,127,44
G250027023875,2006-2010,,,Massachusetts,25,Worcester County,27,Fitchburg city,23875,,,,,,,,,,,,,,,,,,,,,,,,,,,"Fitchburg city, Worcester County, Massachusetts",40214,33093,1899,55,1660,0,2524,983,328,655,"Fitchburg city, Worcester County, Massachusetts",33,1025,631,48,553,127,634,236,159,160
G250027025485,2006-2010,,,Massachusetts,25,Worcester County,27,Gardner city,25485,,,,,,,,,,,,,,,,,,,,,,,,,,,"Gardner city, Worcester County, Massachusetts",20386,18552,702,58,385,20,250,419,55,364,"Gardner city, Worcester County, Massachusetts",22,380,266,59,230,34,121,182,51,165
G250027026430,2006-2010,,,Massachusetts,25,Worcester County,27,Grafton town,26430,,,,,,,,,,,,,,,,,,,,,,,,,,,"Grafton town, Worcester County, Massachusetts",17281,15242,385,0,1395,0,69,190,55,135,"Grafton town, Worcester County, Massachusetts",26,368,260,127,299,127,73,113,59,96
G250027028740,2006-2010,,,Massachusetts,25,Worcester County,27,Hardwick town,28740,,,,,,,,,,,,,,,,,,,,,,,,,,,"Hardwick town, Worcester County, Massachusetts",2926,2822,68,0,14,0,0,22,0,22,"Hardwick town, Worcester County, Massachusetts",24,131,92,127,18,127,127,50,127,50
G250027028950,2006-2010,,,Massachusetts,25,Worcester County,27,Harvard town,28950,,,,,,,,,,,,,,,,,,,,,,,,,,,"Harvard town, Worcester County, Massachusetts",6433,5701,250,57,274,0,78,73,9,64,"Harvard town, Worcester County, Massachusetts",27,163,60,46,144,127,49,69,16,66
G250027030560,2006-2010,,,Massachusetts,25,Worcester County,27,Holden town,30560,,,,,,,,,,,,,,,,,,,,,,,,,,,"Holden town, Worcester County, Massachusetts",17073,16330,95,13,465,21,21,128,25,103,"Holden town, Worcester County, Massachusetts",27,280,98,20,224,35,34,115,42,107
G250027030945,2006-2010,,,Massachusetts,25,Worcester County,27,Hopedale town,30945,,,,,,,,,,,,,,,,,,,,,,,,,,,"Hopedale town, Worcester County, Massachusetts",5902,5713,16,0,173,0,0,0,0,0,"Hopedale town, Worcester County, Massachusetts",19,145,27,127,142,127,127,127,127,127
G250027031435,2006-2010,,,Massachusetts,25,Worcester County,27,Hubbardston town,31435,,,,,,,,,,,,,,,,,,,,,,,,,,,"Hubbardston town, Worcester County, Massachusetts",4310,4150,0,0,31,0,105,24,12,12,"Hubbardston town, Worcester County, Massachusetts",20,110,127,127,35,127,109,28,19,21
G250027034165,2006-2010,,,Massachusetts,25,Worcester County,27,Lancaster town,34165,,,,,,,,,,,,,,,,,,,,,,,,,,,"Lancaster town, Worcester County, Massachusetts",7776,6695,554,10,161,0,160,196,81,115,"Lancaster town, Worcester County, Massachusetts",19,297,271,17,96,127,78,115,48,109
G250027034795,2006-2010,,,Massachusetts,25,Worcester County,27,Leicester town,34795,,,,,,,,,,,,,,,,,,,,,,,,,,,"Leicester town, Worcester County, Massachusetts",10911,10215,290,8,209,0,129,60,0,60,"Leicester town, Worcester County, Massachusetts",35,371,242,13,158,127,120,71,127,71
G250027035075,2006-2010,,,Massachusetts,25,Worcester County,27,Leominster city,35075,,,,,,,,,,,,,,,,,,,,,,,,,,,"Leominster city, Worcester County, Massachusetts",40941,34741,1818,119,1004,0,2232,1027,280,747,"Leominster city, Worcester County, Massachusetts",71,906,474,97,367,127,825,417,167,374
G250027037420,2006-2010,,,Massachusetts,25,Worcester County,27,Lunenburg town,37420,,,,,,,,,,,,,,,,,,,,,,,,,,,"Lunenburg town, Worcester County, Massachusetts",9985,9486,103,0,192,0,0,204,0,204,"Lunenburg town, Worcester County, Massachusetts",16,285,96,127,163,127,127,131,127,131
G250027040255,2006-2010,,,Massachusetts,25,Worcester County,27,Mendon town,40255,,,,,,,,,,,,,,,,,,,,,,,,,,,"Mendon town, Worcester County, Massachusetts",5759,5545,27,28,28,0,14,117,0,117,"Mendon town, Worcester County, Massachusetts",33,138,31,44,24,127,20,103,127,103
G250027041165,2006-2010,,,Massachusetts,25,Worcester County,27,Milford town,41165,,,,,,,,,,,,,,,,,,,,,,,,,,,"Milford town, Worcester County, Massachusetts",27855,24836,383,134,482,12,1337,671,305,366,"Milford town, Worcester County, Massachusetts",38,675,215,116,270,19,594,303,169,257
G250027041340,2006-2010,,,Massachusetts,25,Worcester County,27,Millbury town,41340,,,,,,,,,,,,,,,,,,,,,,,,,,,"Millbury town, Worcester County, Massachusetts",13220,12560,46,0,364,0,88,162,21,141,"Millbury town, Worcester County, Massachusetts",29,257,43,127,192,127,70,146,33,142
G250027041585,2006-2010,,,Massachusetts,25,Worcester County,27,Millville town,41585,,,,,,,,,,,,,,,,,,,,,,,,,,,"Millville town, Worcester County, Massachusetts",3114,3057,7,0,0,0,5,45,0,45,"Millville town, Worcester County, Massachusetts",19,43,13,127,127,127,8,38,127,38
G250027045105,2006-2010,,,Massachusetts,25,Worcester County,27,New Braintree town,45105,,,,,,,,,,,,,,,,,,,,,,,,,,,"New Braintree town, Worcester County, Massachusetts",997,992,0,0,0,0,3,2,2,0,"New Braintree town, Worcester County, Massachusetts",206,202,127,127,127,127,7,4,4,127
G250027046820,2006-2010,,,Massachusetts,25,Worcester County,27,Northborough town,46820,,,,,,,,,,,,,,,,,,,,,,,,,,,"Northborough town, Worcester County, Massachusetts",14161,12486,42,14,1064,0,218,337,121,216,"Northborough town, Worcester County, Massachusetts",31,300,46,19,203,127,133,172,99,118
G250027046925,2006-2010,,,Massachusetts,25,Worcester County,27,Northbridge town,46925,,,,,,,,,,,,,,,,,,,,,,,,,,,"Northbridge town, Worcester County, Massachusetts",15287,14797,78,0,194,0,40,178,0,178,"Northbridge town, Worcester County, Massachusetts",26,248,82,127,161,127,35,137,127,137
G250027047135,2006-2010,,,Massachusetts,25,Worcester County,27,North Brookfield town,47135,,,,,,,,,,,,,,,,,,,,,,,,,,,"North Brookfield town, Worcester County, Massachusetts",4691,4499,22,15,0,0,0,155,0,155,"North Brookfield town, Worcester County, Massachusetts",22,123,34,25,127,127,127,118,127,118
G250027050670,2006-2010,,,Massachusetts,25,Worcester County,27,Oakham town,50670,,,,,,,,,,,,,,,,,,,,,,,,,,,"Oakham town, Worcester County, Massachusetts",1867,1835,0,5,0,0,9,18,0,18,"Oakham town, Worcester County, Massachusetts",122,116,127,8,127,127,12,15,127,15
G250027051825,2006-2010,,,Massachusetts,25,Worcester County,27,Oxford town,51825,,,,,,,,,,,,,,,,,,,,,,,,,,,"Oxford town, Worcester County, Massachusetts",13690,13138,84,41,113,0,61,253,38,215,"Oxford town, Worcester County, Massachusetts",31,280,75,66,123,127,81,158,49,150
G250027052420,2006-2010,,,Massachusetts,25,Worcester County,27,Paxton town,52420,,,,,,,,,,,,,,,,,,,,,,,,,,,"Paxton town, Worcester County, Massachusetts",4745,4385,209,0,101,0,18,32,32,0,"Paxton town, Worcester County, Massachusetts",16,245,203,127,79,127,29,40,40,127
G250027053120,2006-2010,,,Massachusetts,25,Worcester County,27,Petersham town,53120,,,,,,,,,,,,,,,,,,,,,,,,,,,"Petersham town, Worcester County, Massachusetts",1339,1268,9,0,37,0,0,25,4,21,"Petersham town, Worcester County, Massachusetts",205,201,13,127,30,127,127,19,6,18
G250027053225,2006-2010,,,Massachusetts,25,Worcester County,27,Phillipston town,53225,,,,,,,,,,,,,,,,,,,,,,,,,,,"Phillipston town, Worcester County, Massachusetts",1849,1797,3,0,3,0,21,25,0,25,"Phillipston town, Worcester County, Massachusetts",161,160,5,127,4,127,23,24,127,24
G250027055395,2006-2010,,,Massachusetts,25,Worcester County,27,Princeton town,55395,,,,,,,,,,,,,,,,,,,,,,,,,,,"Princeton town, Worcester County, Massachusetts",3406,3313,62,0,31,0,0,0,0,0,"Princeton town, Worcester County, Massachusetts",19,100,97,127,27,127,127,127,127,127
G250027058580,2006-2010,,,Massachusetts,25,Worcester County,27,Royalston town,58580,,,,,,,,,,,,,,,,,,,,,,,,,,,"Royalston town, Worcester County, Massachusetts",1101,1073,0,12,14,0,0,2,0,2,"Royalston town, Worcester County, Massachusetts",145,145,127,15,16,127,127,5,127,5
G250027058825,2006-2010,,,Massachusetts,25,Worcester County,27,Rutland town,58825,,,,,,,,,,,,,,,,,,,,,,,,,,,"Rutland town, Worcester County, Massachusetts",7700,7364,115,0,163,0,24,34,0,34,"Rutland town, Worcester County, Massachusetts",18,210,115,127,155,127,40,47,127,47
G250027061800,2006-2010,,,Massachusetts,25,Worcester County,27,Shrewsbury town,61800,,,,,,,,,,,,,,,,,,,,,,,,,,,"Shrewsbury town, Worcester County, Massachusetts",35001,27752,809,25,5346,0,461,608,78,530,"Shrewsbury town, Worcester County, Massachusetts",28,546,335,31,500,127,225,226,53,222
G250027063165,2006-2010,,,Massachusetts,25,Worcester County,27,Southborough town,63165,,,,,,,,,,,,,,,,,,,,,,,,,,,"Southborough town, Worcester County, Massachusetts",9617,8333,152,0,882,0,72,178,14,164,"Southborough town, Worcester County, Massachusetts",25,289,176,127,215,127,78,124,22,121
G250027063345,2006-2010,,,Massachusetts,25,Worcester County,27,Southbridge Town city,63345,,,,,,,,,,,,,,,,,,,,,,,,,,,"Southbridge Town city, Worcester County, Massachusetts",16851,14715,330,14,597,0,451,744,109,635,"Southbridge Town city, Worcester County, Massachusetts",32,518,160,22,309,127,221,310,106,288
G250027066105,2006-2010,,,Massachusetts,25,Worcester County,27,Spencer town,66105,,,,,,,,,,,,,,,,,,,,,,,,,,,"Spencer town, Worcester County, Massachusetts",11724,10982,42,27,0,0,509,164,0,164,"Spencer town, Worcester County, Massachusetts",29,475,68,32,127,127,474,87,127,87
G250027067385,2006-2010,,,Massachusetts,25,Worcester County,27,Sterling town,67385,,,,,,,,,,,,,,,,,,,,,,,,,,,"Sterling town, Worcester County, Massachusetts",7719,7659,0,0,26,0,4,30,0,30,"Sterling town, Worcester County, Massachusetts",43,71,127,127,31,127,12,43,127,43
G250027068155,2006-2010,,,Massachusetts,25,Worcester County,27,Sturbridge town,68155,,,,,,,,,,,,,,,,,,,,,,,,,,,"Sturbridge town, Worcester County, Massachusetts",9037,8690,17,0,165,0,0,165,10,155,"Sturbridge town, Worcester County, Massachusetts",24,201,26,127,155,127,127,135,16,138
G250027068610,2006-2010,,,Massachusetts,25,Worcester County,27,Sutton town,68610,,,,,,,,,,,,,,,,,,,,,,,,,,,"Sutton town, Worcester County, Massachusetts",8869,8793,15,0,61,0,0,0,0,0,"Sutton town, Worcester County, Massachusetts",17,72,25,127,69,127,127,127,127,127
G250027069275,2006-2010,,,Massachusetts,25,Worcester County,27,Templeton town,69275,,,,,,,,,,,,,,,,,,,,,,,,,,,"Templeton town, Worcester County, Massachusetts",7801,7589,15,0,79,0,0,118,24,94,"Templeton town, Worcester County, Massachusetts",20,166,24,127,131,127,127,89,37,81
G250027071480,2006-2010,,,Massachusetts,25,Worcester County,27,Upton town,71480,,,,,,,,,,,,,,,,,,,,,,,,,,,"Upton town, Worcester County, Massachusetts",7231,7054,0,0,77,30,0,70,0,70,"Upton town, Worcester County, Massachusetts",20,131,127,127,89,38,127,58,127,58
G250027071620,2006-2010,,,Massachusetts,25,Worcester County,27,Uxbridge town,71620,,,,,,,,,,,,,,,,,,,,,,,,,,,"Uxbridge town, Worcester County, Massachusetts",13081,12751,71,0,116,0,15,128,0,128,"Uxbridge town, Worcester County, Massachusetts",25,231,115,127,155,127,24,99,127,99
G250027073090,2006-2010,,,Massachusetts,25,Worcester County,27,Warren town,73090,,,,,,,,,,,,,,,,,,,,,,,,,,,"Warren town, Worcester County, Massachusetts",5079,4960,43,0,0,0,28,48,0,48,"Warren town, Worcester County, Massachusetts",25,111,66,127,127,127,48,69,127,69
G250027073895,2006-2010,,,Massachusetts,25,Worcester County,27,Webster town,73895,,,,,,,,,,,,,,,,,,,,,,,,,,,"Webster town, Worcester County, Massachusetts",16745,15113,477,6,200,0,164,785,10,775,"Webster town, Worcester County, Massachusetts",22,463,225,11,196,127,131,335,16,331
G250027075015,2006-2010,,,Massachusetts,25,Worcester County,27,Westborough town,75015,,,,,,,,,,,,,,,,,,,,,,,,,,,"Westborough town, Worcester County, Massachusetts",18272,13819,693,22,3328,0,35,375,18,357,"Westborough town, Worcester County, Massachusetts",35,676,405,25,545,127,32,243,33,242
G250027075155,2006-2010,,,Massachusetts,25,Worcester County,27,West Boylston town,75155,,,,,,,,,,,,,,,,,,,,,,,,,,,"West Boylston town, Worcester County, Massachusetts",7657,7105,423,0,25,0,100,4,4,0,"West Boylston town, Worcester County, Massachusetts",19,280,204,127,23,127,101,7,7,127
G250027075400,2006-2010,,,Massachusetts,25,Worcester County,27,West Brookfield town,75400,,,,,,,,,,,,,,,,,,,,,,,,,,,"West Brookfield town, Worcester County, Massachusetts",3733,3569,62,0,102,0,0,0,0,0,"West Brookfield town, Worcester County, Massachusetts",20,172,81,127,154,127,127,127,127,127
G250027077010,2006-2010,,,Massachusetts,25,Worcester County,27,Westminster town,77010,,,,,,,,,,,,,,,,,,,,,,,,,,,"Westminster town, Worcester County, Massachusetts",7225,6995,59,21,25,0,9,116,19,97,"Westminster town, Worcester County, Massachusetts",17,165,74,34,39,127,15,110,30,105
G250027080405,2006-2010,,,Massachusetts,25,Worcester County,27,Winchendon town,80405,,,,,,,,,,,,,,,,,,,,,,,,,,,"Winchendon town, Worcester County, Massachusetts",10212,9655,47,0,234,0,41,235,16,219,"Winchendon town, Worcester County, Massachusetts",33,310,38,127,237,127,40,167,24,166
G250027082000,2006-2010,,,Massachusetts,25,Worcester County,27,Worcester city,82000,,,,,,,,,,,,,,,,,,,,,,,,,,,"Worcester city, Worcester County, Massachusetts",179994,139301,18415,454,9919,174,6958,4773,1315,3458,"Worcester city, Worcester County, Massachusetts",63,1852,1404,205,989,112,1010,889,386,766
